row_id,y_pred_id,y_pred,prob_c1,prob_c234,prob_c5
0,1,c234,0.25840490431438123,0.5125212658013086,0.22907382988431024
1,1,c234,0.34504055731441136,0.4152848631280082,0.23967457955758056
2,2,c5,0.08757504628866729,0.40277375563526563,0.5096511980760672
3,0,c1,0.4412694662284344,0.42467562628672456,0.1340549074848411
4,0,c1,0.5200342322011338,0.3903443921251862,0.08962137567368013
5,0,c1,0.5157713580188306,0.29107502247468875,0.19315361950648066
6,2,c5,0.22397551162185503,0.3837022268609072,0.39232226151723776
7,1,c234,0.1740781662942169,0.49156312633144184,0.33435870737434126
8,2,c5,0.17378730660013766,0.40594628484745926,0.42026640855240305
9,0,c1,0.5447786362578565,0.3505353549390351,0.10468600880310841
10,1,c234,0.25767126809391505,0.4787561822651854,0.26357254964089943
11,0,c1,0.4786820162004277,0.2930413928155276,0.22827659098404482
12,1,c234,0.22992995227865445,0.4452622253667362,0.3248078223546093
13,0,c1,0.5206367338544808,0.3844092822282103,0.09495398391730886
14,2,c5,0.050197722883737375,0.22923977150023478,0.7205625056160279
15,2,c5,0.09560428563197901,0.19034082493673132,0.7140548894312897
16,2,c5,0.24557528348004892,0.29814301290856066,0.4562817036113905
17,2,c5,0.08477637588615936,0.3602485685882849,0.5549750555255557
18,2,c5,0.08737504191527187,0.31464961307447376,0.5979753450102544
19,2,c5,0.09256902711522146,0.35459354271790466,0.5528374301668738
20,0,c1,0.6615569592905173,0.26925807461109175,0.06918496609839088
21,0,c1,0.6418946878804,0.26661966799447157,0.09148564412512834
22,2,c5,0.021241860663255778,0.13273720287973784,0.8460209364570064
23,2,c5,0.2585845230149464,0.36439563748608195,0.3770198394989716
24,1,c234,0.16981893175754353,0.5123360764329407,0.3178449918095157
25,1,c234,0.23982109601204277,0.418491218902595,0.34168768508536224
26,2,c5,0.030808344884786364,0.1542013512271385,0.8149903038880751
27,1,c234,0.34346712598385354,0.3527945363839064,0.30373833763224
28,2,c5,0.03606217747605868,0.20410672896973264,0.7598310935542086
29,1,c234,0.3769459036680633,0.47907050531591155,0.14398359101602518
30,1,c234,0.24205515709220027,0.4552093481368633,0.30273549477093636
31,2,c5,0.06217976428265861,0.18105502236581886,0.7567652133515226
32,2,c5,0.121592039733757,0.3251589315000165,0.5532490287662265
33,1,c234,0.32903760328101417,0.4840651006768911,0.18689729604209473
34,2,c5,0.28113196221998754,0.35516725663686155,0.36370078114315085
35,0,c1,0.3970250455009987,0.3266387147623022,0.2763362397366991
36,1,c234,0.35696847032358026,0.4342282471816107,0.20880328249480912
37,0,c1,0.6690963582486106,0.21193293491586024,0.11897070683552918
38,1,c234,0.2952396242839755,0.480304661061877,0.2244557146541474
39,1,c234,0.24750719444034117,0.386164663848475,0.3663281417111839
40,1,c234,0.39460461202477265,0.4136430575042915,0.19175233047093584
41,2,c5,0.15459415498655002,0.40177066996236477,0.4436351750510853
42,2,c5,0.11426243146927396,0.3524690006490366,0.5332685678816894
43,1,c234,0.0948168994817404,0.4731296881040441,0.43205341241421547
44,2,c5,0.32097061921023534,0.30971000570796237,0.36931937508180224
45,0,c1,0.520834559673104,0.30457989207239755,0.1745855482544984
46,2,c5,0.08742561860274999,0.24477254078729335,0.6678018406099566
47,0,c1,0.568794553699372,0.3200204903309502,0.11118495596967767
48,2,c5,0.09903351047544191,0.30138042029981177,0.5995860692247463
49,2,c5,0.045568282010798704,0.1844549506847063,0.7699767673044949
50,2,c5,0.11464644261268363,0.4301433845669711,0.45521017282034526
51,0,c1,0.4379708842036012,0.2873510617274311,0.2746780540689677
52,1,c234,0.3494345408785822,0.39896935518142856,0.2515961039399891
53,0,c1,0.547047966171464,0.3036892558648832,0.1492627779636528
54,2,c5,0.16439858908028174,0.3927383090228614,0.44286310189685685
55,2,c5,0.1944772924985247,0.4020730415604248,0.40344966594105036
56,0,c1,0.5040757681828758,0.37263618451946207,0.12328804729766217
57,2,c5,0.10360248821156538,0.32248589340461936,0.5739116183838153
58,1,c234,0.19423359120758343,0.42352075821927065,0.38224565057314586
59,1,c234,0.32073653020561677,0.3858717394215881,0.2933917303727952
60,0,c1,0.5038384003048965,0.37920459762334946,0.11695700207175402
61,1,c234,0.21646361102938733,0.5040307603651949,0.27950562860541783
62,1,c234,0.3512466016546828,0.47230790958913615,0.17644548875618116
63,0,c1,0.43072499617164184,0.2686538983863963,0.30062110544196174
64,1,c234,0.27830063599079147,0.4798928230432645,0.24180654096594403
65,2,c5,0.3352997900731128,0.26717749450920764,0.39752271541767953
66,1,c234,0.27630113322016303,0.3974776850464133,0.3262211817334237
67,2,c5,0.04508554892930796,0.13919573502549668,0.8157187160451954
68,1,c234,0.2706797317621914,0.43710977602203177,0.2922104922157768
69,1,c234,0.23356269361437001,0.44943514089498277,0.31700216549064725
70,2,c5,0.038143590358304724,0.12941274910205483,0.8324436605396404
71,1,c234,0.21875742252328279,0.4409322301779552,0.3403103472987621
72,1,c234,0.2072657912099289,0.477923751405483,0.3148104573845882
73,1,c234,0.34802359265975763,0.3626611774569048,0.2893152298833376
74,1,c234,0.3932360959084596,0.39850332759625406,0.20826057649528634
75,1,c234,0.3242897852201788,0.34867744919384636,0.3270327655859747
76,2,c5,0.19315887147435043,0.3079002404702854,0.4989408880553641
77,1,c234,0.25539599732615237,0.4301162434136698,0.3144877592601779
78,1,c234,0.28696698110681884,0.415779775783432,0.29725324310974904
79,2,c5,0.16606107440062862,0.3587914788775401,0.4751474467218313
80,1,c234,0.3915135507847414,0.4147086724630701,0.19377777675218832
81,0,c1,0.6307900552142306,0.23030504901626103,0.13890489576950837
82,1,c234,0.33928788607529053,0.3902082267656815,0.270503887159028
83,1,c234,0.13517698859443497,0.437636927476131,0.427186083929434
84,1,c234,0.31383228790264683,0.47825240424747695,0.20791530784987627
85,0,c1,0.5078954537092863,0.3489858880468087,0.14311865824390496
86,0,c1,0.4458579819383377,0.4110445681915468,0.1430974498701155
87,1,c234,0.2449996902506187,0.40482473157123966,0.3501755781781416
88,0,c1,0.678111028881,0.22724967779090785,0.09463929332809219
89,0,c1,0.8230178477762976,0.14428160052820352,0.032700551695498896
90,0,c1,0.5521009587595583,0.30775970649538725,0.14013933474505424
91,0,c1,0.6407625099380921,0.24463523489259753,0.1146022551693104
92,2,c5,0.06971377973531448,0.2935776410860533,0.6367085791786322
93,0,c1,0.504913929730364,0.3303219409815036,0.16476412928813253
94,1,c234,0.21085327868658202,0.5398806393041151,0.24926608200930286
95,0,c1,0.48707732666555714,0.38189158495992226,0.13103108837452068
96,1,c234,0.33625640260710343,0.4728391747623158,0.19090442263058094
97,2,c5,0.16375718922887003,0.4163350088834904,0.4199078018876396
98,1,c234,0.29454679168968734,0.3994159301353354,0.3060372781749772
99,1,c234,0.15800723086399399,0.4220242057304184,0.41996856340558764
100,1,c234,0.25393204250565926,0.4275463808809215,0.3185215766134191
101,0,c1,0.4012031990389785,0.40115422702817094,0.1976425739328507
102,2,c5,0.26407647170846055,0.2993109104410977,0.43661261785044164
103,1,c234,0.23351220858491134,0.5472572209084394,0.21923057050664924
104,1,c234,0.2193829468336717,0.5008257677173058,0.27979128544902254
105,2,c5,0.3019105331564748,0.34598635621694623,0.35210311062657895
106,1,c234,0.22311058034086861,0.40429707682071725,0.372592342838414
107,2,c5,0.2544028138436793,0.33777032670918206,0.4078268594471386
108,1,c234,0.21995135788130785,0.49639464475949285,0.28365399735919933
109,2,c5,0.11282030495888112,0.38475353943583696,0.5024261556052819
110,0,c1,0.6376243657199624,0.2873296609115362,0.07504597336850126
111,2,c5,0.29604542357666314,0.29381330282039486,0.41014127360294195
112,2,c5,0.21449812065750673,0.29874781964247576,0.48675405970001734
113,2,c5,0.08108955476407868,0.2252111785381193,0.693699266697802
114,2,c5,0.07589345360349033,0.25424917889326,0.6698573675032498
115,2,c5,0.0599389859177962,0.34408397371050387,0.5959770403716999
116,1,c234,0.3113811647366806,0.36145657768343,0.32716225757988954
117,1,c234,0.30760824750865445,0.3610821049586266,0.33130964753271896
118,1,c234,0.2062927294826613,0.4573453318657603,0.33636193865157826
119,1,c234,0.3122237219381286,0.4345127808876765,0.25326349717419505
120,0,c1,0.48955106281691163,0.27578904223796874,0.2346598949451196
121,2,c5,0.0979480528954874,0.26986613376246127,0.6321858133420513
122,0,c1,0.6415163037294204,0.27046876498865235,0.08801493128192721
123,2,c5,0.08420870106020256,0.36721756916675646,0.548573729773041
124,2,c5,0.06916458417560148,0.21852044222315298,0.7123149736012455
125,0,c1,0.4192614633039747,0.263780109228261,0.31695842746776437
126,0,c1,0.33956121457243743,0.3392918942003963,0.3211468912271662
127,0,c1,0.5561065783867923,0.34281649883508375,0.10107692277812394
128,2,c5,0.10578946877326272,0.3169877358123603,0.5772227954143769
129,0,c1,0.6410122884883555,0.28460377333607756,0.074383938175567
130,1,c234,0.21053456452923394,0.49491506886989234,0.2945503666008736
131,0,c1,0.5492286185330569,0.3365984775057844,0.11417290396115866
132,0,c1,0.43353204513053256,0.37101203973113994,0.1954559151383275
133,0,c1,0.544806151515907,0.29121352328154004,0.163980325202553
134,1,c234,0.18727159558251644,0.4882423488549454,0.3244860555625381
135,2,c5,0.2654513767269763,0.32446208399210436,0.4100865392809193
136,2,c5,0.04938162919751952,0.2748911913186455,0.675727179483835
137,1,c234,0.19058209625703035,0.41424195716894263,0.39517594657402705
138,1,c234,0.2797187955533114,0.38516432092603836,0.3351168835206503
139,0,c1,0.6751850329580735,0.2396012382032317,0.08521372883869487
140,0,c1,0.5498125512884091,0.32720780903987795,0.12297963967171285
141,2,c5,0.04778654567617757,0.17340918635632713,0.7788042679674954
142,0,c1,0.8166411199256489,0.14012073168450556,0.04323814838984558
143,0,c1,0.5335408499662649,0.2547487652211719,0.21171038481256318
144,0,c1,0.6703410547506196,0.25213707779114397,0.07752186745823648
145,1,c234,0.2751208610578756,0.4495735033714474,0.2753056355706771
146,2,c5,0.039290452888274346,0.32721271583884903,0.6334968312728766
147,2,c5,0.026131554580627332,0.12690359332423745,0.8469648520951353
148,2,c5,0.1539470178487239,0.311342368881746,0.5347106132695302
149,0,c1,0.7200140028104939,0.21007385024525835,0.06991214694424765
150,0,c1,0.42372798197782074,0.3024922219559018,0.27377979606627745
151,0,c1,0.4193849988502871,0.3083398796097854,0.2722751215399275
152,0,c1,0.6527846157803227,0.2631217534071753,0.08409363081250203
153,2,c5,0.06877954224572594,0.33937230713926925,0.5918481506150048
154,0,c1,0.5034531750337313,0.3695953201087686,0.12695150485750015
155,2,c5,0.19811720827118598,0.2979451334545677,0.5039376582742464
156,1,c234,0.14341509584973253,0.44543172250439406,0.41115318164587333
157,2,c5,0.17749909652933096,0.2802847453378922,0.5422161581327768
158,0,c1,0.4532406799589771,0.40410598916812834,0.14265333087289447
159,2,c5,0.1089633194127474,0.3706938577976883,0.5203428227895642
160,2,c5,0.10528455214202746,0.33190874426046296,0.5628067035975096
161,0,c1,0.6378960455755712,0.26682507685884665,0.095278877565582
162,1,c234,0.18690474364734386,0.42762036895849737,0.38547488739415886
163,0,c1,0.49940228494843397,0.3637684074840742,0.13682930756749187
164,2,c5,0.28275847846034025,0.332920627228665,0.38432089431099475
165,1,c234,0.13458596291868122,0.45308072563539703,0.4123333114459216
166,2,c5,0.047123963188379865,0.2121250958623135,0.7407509409493067
167,2,c5,0.16539205730444081,0.39704561851244646,0.4375623241831127
168,2,c5,0.029716455624584637,0.12526615709633032,0.845017387279085
169,1,c234,0.33926230120938716,0.4865050057492697,0.17423269304134326
170,0,c1,0.6276579674718186,0.28912204382440987,0.08321998870377151
171,2,c5,0.09035125520435493,0.30827733973846716,0.6013714050571778
172,2,c5,0.02535477637842073,0.17267723544059493,0.8019679881809845
173,1,c234,0.2238696610162967,0.4717387516875255,0.30439158729617777
174,0,c1,0.680674613284314,0.24886730280833588,0.07045808390735028
175,2,c5,0.11001186034115931,0.2911902556838158,0.5987978839750249
176,1,c234,0.3018580626246266,0.4780446939167341,0.22009724345863935
177,2,c5,0.13722923666078987,0.3377437775438986,0.5250269857953115
178,2,c5,0.03138960239757869,0.16849340778968594,0.8001169898127353
179,1,c234,0.16844925421945184,0.4538857344055775,0.3776650113749706
180,0,c1,0.5975934867458187,0.2829386446205451,0.11946786863363615
181,2,c5,0.07635319907123829,0.3082397050300772,0.6154070958986846
182,0,c1,0.5667388973727583,0.29943525311340397,0.13382584951383772
183,2,c5,0.26008014089724996,0.35653039840639916,0.3833894606963508
184,1,c234,0.3595392467576303,0.43379300886240524,0.20666774437996432
185,2,c5,0.03459118946940907,0.13791328706688413,0.8274955234637068
186,2,c5,0.23075584267706606,0.3416470208003156,0.4275971365226182
187,1,c234,0.19204894605923642,0.507094579005837,0.3008564749349266
188,1,c234,0.4158256726228345,0.4238201051900811,0.1603542221870844
189,2,c5,0.07759925479435753,0.39158796125414047,0.530812783951502
190,1,c234,0.3791997515696192,0.3802658952709698,0.24053435315941094
191,2,c5,0.17780870526556858,0.39093843007805823,0.4312528646563732
192,2,c5,0.09736522614450711,0.3778231228157122,0.5248116510397807
193,0,c1,0.6948879127399239,0.2288422227536895,0.07626986450638658
194,0,c1,0.6596882944753515,0.22329985047648598,0.11701185504816247
195,1,c234,0.2785925436779589,0.4548577225908274,0.26654973373121366
196,2,c5,0.10009455768926645,0.4179302425951875,0.4819751997155459
197,0,c1,0.42763258567166906,0.4040843960324512,0.16828301829587974
198,2,c5,0.11165706210751493,0.23120551361733183,0.6571374242751532
199,0,c1,0.4403473031301898,0.3219290948540843,0.2377236020157258
200,1,c234,0.28509534804119174,0.369752345288187,0.3451523066706213
201,1,c234,0.20367403393316943,0.47240158369247476,0.3239243823743558
202,2,c5,0.06834005823399834,0.33140908568455535,0.6002508560814463
203,2,c5,0.10839233060475688,0.4280724649468952,0.46353520444834806
204,0,c1,0.43390217350235266,0.2933063246522699,0.2727915018453775
205,2,c5,0.10267520636368589,0.29833620651543513,0.5989885871208789
206,0,c1,0.5928332245015572,0.27188307526237715,0.13528370023606565
207,0,c1,0.6453544303515032,0.2603015289855853,0.0943440406629115
208,1,c234,0.36161313453848204,0.4193249852111808,0.2190618802503372
209,2,c5,0.01409900414751841,0.06098962552992457,0.9249113703225571
210,0,c1,0.4067277920299077,0.3996407509919979,0.1936314569780944
211,2,c5,0.1308798346989494,0.42310461007219413,0.44601555522885655
212,2,c5,0.13799145079908784,0.3154417253038171,0.5465668238970951
213,2,c5,0.10712953550217859,0.4108700546139247,0.4820004098838967
214,2,c5,0.2885765872831026,0.32612311747231304,0.38530029524458426
215,2,c5,0.07817154251880762,0.20996220230592316,0.7118662551752692
216,2,c5,0.12447272946015984,0.40942776085228705,0.46609950968755304
217,0,c1,0.4749378870813994,0.38839084164683296,0.13667127127176767
218,2,c5,0.058374347281467995,0.2864880562925826,0.6551375964259495
219,1,c234,0.20064735874430858,0.4124058418364129,0.38694679941927856
220,1,c234,0.24093646895656443,0.4993429079750833,0.25972062306835225
221,2,c5,0.14751566124796922,0.3393609298788462,0.5131234088731846
222,2,c5,0.14862523324185714,0.40439999987651604,0.44697476688162685
223,0,c1,0.45339061212005466,0.4039437019816653,0.14266568589828013
224,0,c1,0.6756815165526926,0.2447156283179189,0.07960285512938857
225,2,c5,0.16258564493938332,0.3948128834822968,0.4426014715783198
226,0,c1,0.6456080694244772,0.2350830156236362,0.11930891495188654
227,0,c1,0.5913358754465649,0.29569543060282294,0.11296869395061218
228,1,c234,0.4386644832753491,0.44470303435511327,0.11663248236953759
229,1,c234,0.22122482023849552,0.3961127931283102,0.38266238663319424
230,2,c5,0.21478525356877737,0.34814712330774966,0.437067623123473
231,0,c1,0.5593526721416976,0.33007316836291367,0.1105741594953888
232,1,c234,0.17516515710736374,0.4336437846521052,0.3911910582405311
233,0,c1,0.5044814557329672,0.31343090371757365,0.1820876405494592
234,1,c234,0.21861698924867218,0.5132252567833505,0.26815775396797736
235,0,c1,0.549346485005492,0.3610627002991209,0.08959081469538714
236,1,c234,0.3131213049837981,0.41418585259894647,0.2726928424172555
237,2,c5,0.1306722655371271,0.3295543300943438,0.539773404368529
238,2,c5,0.11227225668359755,0.4031251651695209,0.48460257814688146
239,0,c1,0.4326702522075282,0.39913009607592054,0.16819965171655132
240,2,c5,0.23087830888442618,0.30749254066146053,0.4616291504541133
241,1,c234,0.40388904756665034,0.42534389992253885,0.1707670525108107
242,1,c234,0.31486296262830893,0.4985641321888742,0.18657290518281697
243,2,c5,0.09326589835065223,0.18416156121068755,0.7225725404386603
244,1,c234,0.3198106668140357,0.34493089191748794,0.3352584412684763
245,1,c234,0.19142473693641013,0.48147677433472047,0.32709848872886943
246,0,c1,0.4326702522075282,0.39913009607592054,0.16819965171655132
247,2,c5,0.11383438576894835,0.3315691657248126,0.554596448506239
248,2,c5,0.1754696490350188,0.3371959887056333,0.48733436225934795
249,0,c1,0.39105849969170786,0.26952597868376255,0.3394155216245296
250,2,c5,0.06018216987070935,0.2354243896317097,0.704393440497581
251,1,c234,0.33501342760543024,0.3866822245830717,0.27830434781149793
252,1,c234,0.3856636280816439,0.4543118784277642,0.1600244934905918
253,0,c1,0.530705941523763,0.25870857264246505,0.21058548583377193
254,0,c1,0.5703583742277862,0.31072842802781375,0.1189131977444
255,1,c234,0.2573814440116737,0.37412225909689073,0.36849629689143554
256,1,c234,0.40012424440206035,0.4542865811384652,0.1455891744594744
257,0,c1,0.3557694905182393,0.3399804531183304,0.3042500563634304
258,0,c1,0.5818338135458795,0.32538467747749866,0.09278150897662185
259,0,c1,0.4197753819697581,0.2614411005405986,0.31878351748964334
260,0,c1,0.5501970811710764,0.29566995892109066,0.15413295990783307
261,1,c234,0.282895940460889,0.48428655374905905,0.23281750579005211
262,2,c5,0.11848550210642188,0.23816691713212157,0.6433475807614566
263,0,c1,0.5666633290765771,0.3003104043848313,0.13302626653859154
264,0,c1,0.5162132674561862,0.33282478506328234,0.15096194748053135
265,1,c234,0.39542206108335437,0.4574674143197902,0.14711052459685534
266,2,c5,0.21754620891815787,0.30121836808837427,0.4812354229934677
267,0,c1,0.435184611414648,0.3466842343123747,0.2181311542729773
268,1,c234,0.3327232447402572,0.33909153746849285,0.32818521779124993
269,0,c1,0.5628563851156725,0.35816656365530253,0.07897705122902499
270,1,c234,0.27124649767956743,0.4994470696481707,0.22930643267226186
271,1,c234,0.30036446449602505,0.4895822748145874,0.21005326068938754
272,0,c1,0.45047315357531387,0.33035864054374436,0.2191682058809417
273,1,c234,0.2303439477197836,0.420986581607236,0.34866947067298054
274,0,c1,0.5446663928910462,0.3444615820144937,0.11087202509446009
275,0,c1,0.6947772115946869,0.2113783866455701,0.09384440175974307
276,0,c1,0.6099897690716579,0.31451369931806483,0.07549653161027732
277,2,c5,0.20805716964247284,0.2900291615772088,0.5019136687803183
278,0,c1,0.5580943151095121,0.33570311744425446,0.10620256744623335
279,2,c5,0.14261686534142715,0.29743870138244854,0.5599444332761243
280,0,c1,0.3819154130240217,0.3236109778538631,0.29447360912211523
281,0,c1,0.43906133701959327,0.4191598725003157,0.14177879048009095
282,1,c234,0.24844191480405522,0.3877531737560299,0.3638049114399149
283,0,c1,0.6866313344291962,0.2322780655536344,0.08109060001716958
284,2,c5,0.038652376884206606,0.2592851919940028,0.7020624311217906
285,1,c234,0.24969315866246297,0.466944011697258,0.2833628296402789
286,1,c234,0.19715571115375605,0.48075185852592256,0.3220924303203214
287,2,c5,0.09071990761641496,0.30810267001810004,0.601177422365485
288,1,c234,0.32558873406095684,0.4391314730809884,0.23527979285805475
289,0,c1,0.40547809063552614,0.321573071399417,0.27294883796505687
290,0,c1,0.653117139162589,0.27049984194979754,0.07638301888761366
291,2,c5,0.1071044611635644,0.22418746726808741,0.6687080715683482
292,2,c5,0.05690336070360364,0.31987071633957714,0.6232259229568193
293,0,c1,0.4669863524549223,0.22499437997455687,0.3080192675705207
294,0,c1,0.4970624978348649,0.36704817707078036,0.1358893250943546
295,2,c5,0.10819365347708546,0.39711093621512683,0.4946954103077877
296,0,c1,0.4012031990389785,0.40115422702817094,0.1976425739328507
297,1,c234,0.24298980182993396,0.41424879204882525,0.34276140612124073
298,1,c234,0.18861402685289352,0.41510068296750496,0.39628529017960157
299,0,c1,0.4575008439405667,0.39122568336053154,0.1512734726989017
300,0,c1,0.5188193453278244,0.3062059046630461,0.17497475000912951
301,1,c234,0.2505517559438325,0.44383055357048373,0.30561769048568377
302,2,c5,0.05171471836741699,0.23019033069085737,0.7180949509417256
303,2,c5,0.14533980936844884,0.3350908409230081,0.519569349708543
304,0,c1,0.470534288821808,0.39729512032593445,0.13217059085225757
305,1,c234,0.3382759945688419,0.3622200886737773,0.2995039167573808
306,0,c1,0.5520262731682838,0.3195175475434455,0.1284561792882707
307,2,c5,0.1515860283802191,0.3640801410072801,0.4843338306125008
308,2,c5,0.025855599564821065,0.11205141843944272,0.8620929819957363
309,0,c1,0.567526687958153,0.30041019562382293,0.13206311641802396
310,2,c5,0.16694673469674026,0.37311027761060017,0.4599429876926595
311,2,c5,0.33487840518473905,0.3074494391483319,0.3576721556669291
312,2,c5,0.14738367218663614,0.262255150831257,0.5903611769821069
313,0,c1,0.5397323638882644,0.37725414967655924,0.08301348643517636
314,2,c5,0.1229135949089188,0.39638266309033077,0.4807037420007504
315,2,c5,0.08471221378911514,0.2804179801207002,0.6348698060901846
316,0,c1,0.4953346537556363,0.3571683485319299,0.1474969977124338
317,2,c5,0.3006222742165522,0.30472336908855374,0.39465435669489407
318,1,c234,0.315303953661745,0.4551944115553537,0.22950163478290136
319,1,c234,0.2343021966563206,0.4329513615655634,0.33274644177811585
320,2,c5,0.07066950949203074,0.2769222747121188,0.6524082157958505
321,2,c5,0.10006563267678234,0.24294867893795116,0.6569856883852665
322,0,c1,0.7816640028407934,0.15354344834400882,0.06479254881519776
323,0,c1,0.48116746520369014,0.3921425910270678,0.12668994376924209
324,1,c234,0.29134225220288457,0.38797336438274954,0.3206843834143659
325,2,c5,0.13928532753883557,0.26068820658051406,0.6000264658806502
326,2,c5,0.15164189334272385,0.283287063217071,0.5650710434402052
327,2,c5,0.048480405961197376,0.19758897957720634,0.7539306144615961
328,0,c1,0.384380749348927,0.28566495305209805,0.329954297598975
329,1,c234,0.3013532375120214,0.5063262039869993,0.19232055850097923
330,2,c5,0.21565535735085475,0.3211784845620684,0.46316615808707673
331,2,c5,0.16439858908028174,0.3927383090228614,0.44286310189685685
332,0,c1,0.5024466266903402,0.38944734754176213,0.10810602576789773
333,2,c5,0.05423074903076506,0.15890734794632763,0.7868619030229074
334,0,c1,0.6005817411998886,0.3028959892602838,0.09652226953982769
335,1,c234,0.3264137041198576,0.37678204474198856,0.29680425113815384
336,1,c234,0.16387232731903295,0.544314435228643,0.29181323745232407
337,1,c234,0.33481746093943704,0.4872754803507066,0.17790705870985632
338,1,c234,0.28437806638345053,0.4458816532959807,0.26974028032056885
339,2,c5,0.2371887378715517,0.3506278228519217,0.4121834392765267
340,0,c1,0.43072499617164184,0.2686538983863963,0.30062110544196174
341,0,c1,0.49773619449505246,0.31214144586483056,0.19012235964011692
342,0,c1,0.6197484525812076,0.2800146528328718,0.10023689458592054
343,0,c1,0.6266699821624828,0.2950078862627906,0.07832213157472652
344,2,c5,0.21126870103671627,0.33326612160959684,0.4554651773536869
345,2,c5,0.02879715351495547,0.16028465858835939,0.810918187896685
346,1,c234,0.2799759633306376,0.4262354274335425,0.2937886092358199
347,2,c5,0.019940251703645783,0.10440932598182276,0.8756504223145315
348,1,c234,0.3389651841222638,0.44358051685914884,0.21745429901858734
349,2,c5,0.02523798378946326,0.12167806158318245,0.8530839546273542
350,2,c5,0.13603594988734055,0.41111633150134574,0.45284771861131373
351,1,c234,0.28887199689409315,0.4420257746911865,0.26910222841472053
352,2,c5,0.06460788981331915,0.3295509821973168,0.6058411279893641
353,2,c5,0.10819389545427438,0.25255832973419606,0.6392477748115296
354,1,c234,0.4179193321627332,0.4285617834331721,0.15351888440409484
355,0,c1,0.6237615782524314,0.24048151099285128,0.13575691075471732
356,0,c1,0.5668189747365117,0.2811443136497967,0.15203671161369178
357,0,c1,0.5656764361022384,0.34655169960182214,0.08777186429593946
358,1,c234,0.2870129942488001,0.4040127497197398,0.30897425603146
359,2,c5,0.07605097623811918,0.3309962282893982,0.5929527954724826
360,2,c5,0.09903673378062772,0.407500276354959,0.4934629898644132
361,1,c234,0.3639351374203212,0.39683616362296614,0.2392286989567126
362,1,c234,0.12995916828481682,0.44919391928268776,0.4208469124324954
363,0,c1,0.3941714838734732,0.3213797530507151,0.2844487630758117
364,2,c5,0.1360908096506642,0.3656233228618723,0.4982858674874635
365,1,c234,0.3485793302290184,0.4055949881130221,0.24582568165795948
366,1,c234,0.22656397090041733,0.38709566874082213,0.3863403603587606
367,2,c5,0.06108998851575893,0.33089500634146873,0.6080150051427723
368,1,c234,0.41546972604430854,0.4176052896439423,0.16692498431174924
369,0,c1,0.7224788483914367,0.16758765089963754,0.10993350070892566
370,0,c1,0.680674613284314,0.24886730280833588,0.07045808390735028
371,2,c5,0.0749046987082135,0.3506953134067531,0.5743999878850333
372,1,c234,0.21986452852817404,0.46431823619985085,0.3158172352719752
373,2,c5,0.27850427336406897,0.35379644497097895,0.36769928166495214
374,0,c1,0.54054454272983,0.27554443906733045,0.1839110182028395
375,2,c5,0.17169073489246617,0.32244862746427183,0.505860637643262
376,1,c234,0.21006085703292549,0.4278715635483288,0.3620675794187457
377,1,c234,0.3371656459555143,0.4529588993237039,0.2098754547207818
378,2,c5,0.16663592746368813,0.3341777957446934,0.4991862767916184
379,0,c1,0.4708505815975625,0.4175580680056876,0.11159135039674999
380,2,c5,0.12151489948477845,0.26318679657495114,0.6152983039402704
381,0,c1,0.5392772836890736,0.3193552432442601,0.14136747306666636
382,0,c1,0.42587298185800954,0.4151452428800127,0.15898177526197776
383,1,c234,0.14350710579733966,0.4326374921275942,0.42385540207506606
384,2,c5,0.16746503306860164,0.3229648101879237,0.5095701567434746
385,2,c5,0.03743363093224788,0.2070115525802006,0.7555548164875515
386,0,c1,0.5493216906460024,0.2795063601176914,0.17117194923630616
387,1,c234,0.21460781517325703,0.5028302694214525,0.2825619154052905
388,0,c1,0.4404788779973789,0.41897601130964823,0.14054511069297276
389,2,c5,0.12490984595883722,0.3969626694920734,0.47812748454908943
390,1,c234,0.18883303424387976,0.494119440532691,0.31704752522342927
391,2,c5,0.16317223198393438,0.4161665654213834,0.4206612025946821
392,2,c5,0.09595744566952003,0.29341283197058565,0.6106297223598943
393,0,c1,0.50748553708426,0.35662507114493086,0.1358893917708091
394,2,c5,0.08475997692748122,0.212450227740786,0.7027897953317329
395,2,c5,0.12550125649820573,0.253736229942509,0.6207625135592852
396,0,c1,0.5027614711080524,0.37682683826799457,0.12041169062395314
397,1,c234,0.4046199127056239,0.4714344983393195,0.12394558895505643
398,1,c234,0.21928978401104066,0.39902612155437095,0.38168409443458834
399,0,c1,0.468664622873149,0.36750001531445936,0.16383536181239156
400,2,c5,0.2932778575110864,0.34342110065388204,0.36330104183503154
401,1,c234,0.20759941596617296,0.4487034900765568,0.3436970939572704
402,1,c234,0.19962232239920727,0.4156425478008512,0.38473512979994157
403,2,c5,0.05011846770907042,0.3037324968987287,0.6461490353922009
404,0,c1,0.47280892278796843,0.36247092632115335,0.16472015089087827
405,2,c5,0.12952662956339142,0.2905419063479395,0.579931464088669
406,0,c1,0.6836398279663348,0.23574104744540655,0.08061912458825858
407,2,c5,0.1628482657736342,0.35617125048511733,0.48098048374124835
408,0,c1,0.5019825136590323,0.3674824775201934,0.13053500882077418
409,0,c1,0.3663267521815384,0.35586965245166335,0.2778035953667983
410,1,c234,0.1474283749896665,0.4262858125051668,0.4262858125051668
411,2,c5,0.2821121291821669,0.3554496880245558,0.36243818279327733
412,0,c1,0.4893523582603026,0.36778528489779355,0.1428623568419039
413,2,c5,0.19854402971756144,0.40004314794270573,0.40141282233973286
414,2,c5,0.10046722087710473,0.24087598053900042,0.6586567985838948
415,1,c234,0.3508324449143563,0.38428067024564355,0.2648868848400002
416,0,c1,0.49789173789278385,0.3793776221922865,0.12273063991492977
417,1,c234,0.2341385290234392,0.4435581725835365,0.3223032983930243
418,2,c5,0.16874581231455094,0.282397770069676,0.5488564176157731
419,1,c234,0.1733876727176676,0.4768722904931138,0.3497400367892185
420,0,c1,0.5134824524735094,0.38585021681704046,0.10066733070945008
421,2,c5,0.14621199063449217,0.3394554498248186,0.5143325595406891
422,1,c234,0.19402503234108034,0.45588255900420954,0.3500924086547102
423,2,c5,0.06863915297140827,0.29210265609190356,0.6392581909366881
424,1,c234,0.32935501176408605,0.43451733549564603,0.23612765274026792
425,0,c1,0.659016322867811,0.22085062866149038,0.12013304847069871
426,2,c5,0.028074954652826133,0.15305552085471186,0.818869524492462
427,1,c234,0.2739488539230894,0.4578269293291118,0.2682242167477989
428,2,c5,0.05971102680457463,0.2441346291488793,0.6961543440465461
429,0,c1,0.48405917487708544,0.41912289928771596,0.0968179258351985
430,1,c234,0.25303019539366695,0.39695630585068026,0.3500134987556529
431,1,c234,0.36761508885089456,0.4371936711452478,0.1951912400038576
432,1,c234,0.2239310141763638,0.4734836248745563,0.3025853609490798
433,1,c234,0.19302224791098818,0.47995585373482547,0.3270218983541864
434,2,c5,0.09533927572405315,0.27533505227940663,0.6293256719965402
435,1,c234,0.1781746220428746,0.45210589613043833,0.36971948182668707
436,1,c234,0.25185708558034986,0.45483115358140147,0.2933117608382486
437,0,c1,0.49257942991764164,0.39396696269474457,0.11345360738761377
438,0,c1,0.5327902049044339,0.3501141575144827,0.11709563758108342
439,2,c5,0.2471771314842834,0.35337403532771156,0.399448833188005
440,1,c234,0.2457304650004032,0.3963844915985248,0.3578850434010719
441,2,c5,0.13771398237321897,0.32971406787082175,0.5325719497559592
442,1,c234,0.2014219162264744,0.5010865030131729,0.2974915807603527
443,0,c1,0.5196440905220681,0.312145699277339,0.16821021020059299
444,1,c234,0.2100492633282108,0.47799855787231044,0.31195217879947884
445,0,c1,0.5244822270658549,0.3680745743099043,0.1074431986242408
446,2,c5,0.18400115896026698,0.3035955574989563,0.5124032835407767
447,0,c1,0.6014560183634955,0.32075939809436865,0.07778458354213588
448,2,c5,0.10435679347057128,0.43721843507460756,0.4584247714548212
449,0,c1,0.4012031990389785,0.40115422702817094,0.1976425739328507
450,0,c1,0.43108583742089773,0.385621775822639,0.18329238675646317
451,0,c1,0.4326702522075282,0.39913009607592054,0.16819965171655132
452,0,c1,0.584989050194972,0.310230567047057,0.10478038275797087
453,2,c5,0.028854392827103767,0.11378054202137235,0.8573650651515238
454,1,c234,0.37055764186450046,0.4537396882287658,0.17570266990673375
455,2,c5,0.20455416348281125,0.3208870352797521,0.47455880123743666
456,1,c234,0.2917370213746923,0.38533460552226056,0.322928373103047
457,0,c1,0.6596882944753515,0.22329985047648598,0.11701185504816247
458,0,c1,0.5506853603207926,0.36265029772343604,0.08666434195577129
459,0,c1,0.5187961658443421,0.3506067969278154,0.13059703722784247
460,2,c5,0.10215204317174954,0.37475295051663937,0.5230950063116111
461,1,c234,0.16121599384972482,0.48389412671467796,0.3548898794355972
462,0,c1,0.5415973509498951,0.32881635154773475,0.12958629750237013
463,0,c1,0.570347907690015,0.2988624447232422,0.1307896475867429
464,2,c5,0.06621134110458762,0.2598330382199035,0.673955620675509
465,2,c5,0.3192596839943808,0.32038210113594706,0.36035821486967207
466,0,c1,0.5244267241121938,0.36065292290562084,0.11492035298218525
467,0,c1,0.36149274159761935,0.3207832445651261,0.31772401383725446
468,1,c234,0.21383645835419063,0.48971558843020013,0.29644795321560924
469,0,c1,0.3870334495520946,0.3295604442554157,0.2834061061924896
470,2,c5,0.18176257983257252,0.18180696087980233,0.6364304592876252
471,1,c234,0.28650641859093934,0.5096693115372335,0.20382426987182714
472,1,c234,0.33076506443183346,0.43401358207125396,0.2352213534969126
473,1,c234,0.2027549598116957,0.4766271282974247,0.3206179118908795
474,0,c1,0.4347932445292253,0.29559975503002744,0.26960700044074726
475,1,c234,0.28244694950136695,0.4500560322988003,0.26749701819983274
476,1,c234,0.19102496643696001,0.44004491008729046,0.3689301234757496
477,1,c234,0.39864967980679333,0.4158478149488168,0.18550250524438996
478,0,c1,0.5837973553147935,0.286384321438266,0.1298183232469405
479,0,c1,0.4098257592641454,0.40549639156172745,0.18467784917412725
480,0,c1,0.6442077491547746,0.27054461971591964,0.08524763112930574
481,2,c5,0.08904638829261091,0.2719816495564827,0.6389719621509065
482,2,c5,0.1919605552507549,0.3384676710846779,0.4695717736645671
483,1,c234,0.23492747044481468,0.42317161528572295,0.34190091426946234
484,2,c5,0.23744350058656213,0.3664153747346822,0.3961411246787556
485,0,c1,0.5347946083196634,0.34178773702583454,0.12341765465450195
486,1,c234,0.24551340327233023,0.4537231833356004,0.3007634133920693
487,0,c1,0.6616929174231239,0.24971350298755082,0.08859357958932529
488,0,c1,0.4717572249109494,0.3901468056385573,0.13809596945049343
489,1,c234,0.394984045521917,0.41927949741784093,0.185736457060242
490,1,c234,0.21678417209336437,0.47861400977307283,0.30460181813356285
491,1,c234,0.23379008565460285,0.44757212835023646,0.31863778599516057
492,1,c234,0.20138789750873343,0.4203437085988262,0.3782683938924403
493,2,c5,0.08696853780894051,0.24969343836558516,0.6633380238254742
494,0,c1,0.4990697271943557,0.38134437989038433,0.11958589291526002
495,2,c5,0.12055219706858582,0.2239190247817268,0.6555287781496874
496,1,c234,0.23887202207630248,0.38716001858365834,0.37396795934003924
497,0,c1,0.4928699243510191,0.3805815098973629,0.12654856575161808
498,2,c5,0.2647843702555432,0.32146398774491114,0.4137516419995456
499,2,c5,0.13788125789705347,0.3792181430135762,0.4829005990893704
500,1,c234,0.38903345717797067,0.42270441851329554,0.18826212430873374
501,1,c234,0.22599338660196278,0.3948915636354135,0.37911504976262367
502,2,c5,0.3019105331564748,0.34598635621694623,0.35210311062657895
503,0,c1,0.6786195275008808,0.23210379213910606,0.089276680360013
504,0,c1,0.3870334495520946,0.3295604442554157,0.2834061061924896
505,1,c234,0.33669785864888857,0.4410977616979844,0.22220437965312695
506,2,c5,0.10819197656611004,0.22287458993576964,0.6689334334981204
507,1,c234,0.412842278236581,0.4296550250267418,0.1575026967366771
508,2,c5,0.1450365563944643,0.3241826568893987,0.530780786716137
509,0,c1,0.5495628377262985,0.36537345565239027,0.08506370662131121
510,2,c5,0.08034185018626942,0.3233931556271136,0.5962649941866169
511,0,c1,0.48161581520115115,0.30393673885840056,0.21444744594044826
512,0,c1,0.5531904689763916,0.28534959168697493,0.16145993933663366
513,0,c1,0.6231354520343243,0.2836084125547374,0.09325613541093836
514,2,c5,0.07922759601018578,0.21324398449831042,0.7075284194915039
515,2,c5,0.12401052893378757,0.4174787564561896,0.4585107146100228
516,0,c1,0.5920904685050637,0.2894261484967212,0.1184833829982151
517,2,c5,0.16165071515379725,0.3070213903100375,0.5313278945361652
518,2,c5,0.12249202720141043,0.27985702673425866,0.5976509460643309
519,0,c1,0.7149225536401715,0.2242338222960572,0.06084362406377113
520,0,c1,0.4537274710884213,0.35050643229366524,0.19576609661791353
521,2,c5,0.12653585784116808,0.3798007689312718,0.4936633732275602
522,1,c234,0.29096662662763495,0.4226826501404404,0.2863507232319246
523,0,c1,0.47345818558095476,0.42742065876691265,0.09912115565213252
524,0,c1,0.5383015914884438,0.33879875456687913,0.12289965394467703
525,0,c1,0.4385678879230009,0.41239893960169693,0.14903317247530212
526,1,c234,0.3613430977166972,0.4053277828874741,0.23332911939582865
527,2,c5,0.13023459087635547,0.24905738124633636,0.6207080278773082
528,1,c234,0.24409152578639423,0.41648273928411395,0.3394257349294918
529,0,c1,0.41365766953350425,0.39500410942611114,0.19133822104038464
530,1,c234,0.3336229949209542,0.48423493482514435,0.18214207025390133
531,1,c234,0.30875236840748277,0.3480253342318793,0.34322229736063786
532,2,c5,0.08271118195880547,0.4335872675767595,0.48370155046443514
533,0,c1,0.4686525391703657,0.33712537740804305,0.19422208342159128
534,1,c234,0.19911761141272127,0.4129753267990711,0.3879070617882076
535,2,c5,0.21526800342579366,0.37900811161975584,0.40572388495445055
536,1,c234,0.40469352490969807,0.44937888786307895,0.14592758722722304
537,1,c234,0.3815241583168236,0.4385423558933591,0.17993348578981722
538,0,c1,0.3803939773862697,0.3348779348952777,0.28472808771845265
539,0,c1,0.5720643048135002,0.32060533436172883,0.10733036082477077
540,2,c5,0.18797958945661544,0.3210939568731652,0.4909264536702195
541,0,c1,0.5259425396043484,0.3480938891911184,0.12596357120453322
542,2,c5,0.040272505182844975,0.1594754011728404,0.8002520936443147
543,2,c5,0.1936668134727491,0.3531769846886063,0.4531562018386445
544,1,c234,0.28699228572667773,0.4272389762357107,0.28576873803761155
545,1,c234,0.38906362334071615,0.4632103927933024,0.1477259838659815
546,1,c234,0.21002246518433565,0.41757758586753624,0.37239994894812806
547,1,c234,0.2958112151260836,0.4379651635021937,0.2662236213717228
548,2,c5,0.08983499819338094,0.22630050731784465,0.6838644944887744
549,2,c5,0.04835049285031214,0.2542058530808617,0.6974436540688262
550,2,c5,0.11175433216622196,0.15844762436800022,0.7297980434657778
551,1,c234,0.2807393789597819,0.40405964537748884,0.31520097566272914
552,2,c5,0.07677537831201489,0.20117422977077595,0.7220503919172091
553,1,c234,0.20164619329230618,0.48668551706022795,0.31166828964746573
554,2,c5,0.118956223023533,0.3048798184400363,0.5761639585364307
555,1,c234,0.21505922237849323,0.4547249542409309,0.33021582338057576
556,1,c234,0.26926704251759753,0.4090324245808829,0.3217005329015196
557,2,c5,0.23217907691831188,0.296970623983481,0.47085029909820714
558,2,c5,0.13164757631598994,0.27806076177839967,0.5902916619056104
559,1,c234,0.3001891521377148,0.44417914848982165,0.25563169937246344
560,2,c5,0.06584911514773088,0.2206537004675296,0.7134971843847394
561,0,c1,0.677129102285941,0.25202282711317775,0.07084807060088122
562,2,c5,0.04747423690238871,0.236257783301208,0.7162679797964032
563,2,c5,0.17507162816424546,0.31784686357134795,0.5070815082644066
564,1,c234,0.24927478768973996,0.4978646803726092,0.25286053193765073
565,0,c1,0.37362787575482703,0.35360345051525166,0.27276867372992125
566,2,c5,0.2128196379432776,0.3615546835040021,0.4256256785527204
567,2,c5,0.04535080645484829,0.2528230098382385,0.7018261837069132
568,1,c234,0.3141791447202236,0.48663987977632117,0.19918097550345523
569,2,c5,0.07359838638116198,0.38337503982924565,0.5430265737895923
570,1,c234,0.20162297301431598,0.5013418255820181,0.2970352014036658
571,2,c5,0.058495908904487935,0.2351139052219625,0.7063901858735495
572,1,c234,0.173090967888823,0.4144134542537202,0.41249557785745666
573,0,c1,0.4197753819697581,0.2614411005405986,0.31878351748964334
574,2,c5,0.12633996744773826,0.2976838721985886,0.575976160353673
575,2,c5,0.1004050110531966,0.3425806275063118,0.5570143614404917
576,0,c1,0.40547809063552614,0.321573071399417,0.27294883796505687
577,1,c234,0.1429280266137739,0.4487133036728226,0.4083586697134036
578,1,c234,0.2288135048785622,0.450627771146526,0.3205587239749118
579,1,c234,0.4011190637759403,0.4265722428281961,0.1723086933958636
580,2,c5,0.09983316667895246,0.3131903042041827,0.5869765291168649
581,2,c5,0.11817804374170274,0.4405880453415841,0.4412339109167132
582,0,c1,0.6012667500604486,0.315186540723852,0.08354670921569936
583,0,c1,0.6415613268845242,0.24120164727012297,0.11723702584535294
584,1,c234,0.1619658653961484,0.4621870087269102,0.3758471258769414
585,2,c5,0.041815677126839576,0.24537866040921139,0.712805662463949
586,0,c1,0.4326702522075282,0.39913009607592054,0.16819965171655132
587,2,c5,0.16668489002664402,0.31788001224506146,0.5154350977282945
588,0,c1,0.576939609290469,0.3373896771371577,0.08567071357237341
589,2,c5,0.07429333711028964,0.2418503445144387,0.6838563183752717
590,2,c5,0.04529578389231226,0.2719707234417717,0.6827334926659161
591,2,c5,0.31447182549063485,0.26853910285736765,0.41698907165199756
592,0,c1,0.42322806885402414,0.37632776891778985,0.20044416222818598
593,2,c5,0.15325640937360172,0.42037434001127927,0.426369250615119
594,2,c5,0.09361936840418528,0.3700006889254335,0.5363799426703812
595,2,c5,0.02654683318746295,0.16594794173068217,0.807505225081855
596,1,c234,0.3787889596810103,0.4183608969090092,0.2028501434099805
597,0,c1,0.5665258992779892,0.28690866100241574,0.14656543971959507
598,2,c5,0.032700238945550124,0.2208621243434893,0.7464376367109604
599,2,c5,0.10118514914093145,0.3788970371807055,0.5199178136783631
600,0,c1,0.6341317126208835,0.2756654061732455,0.09020288120587107
601,0,c1,0.34843479177261594,0.3469492933621476,0.3046159148652365
602,2,c5,0.15529833590103262,0.37491362682134194,0.4697880372776255
603,1,c234,0.31854878635785777,0.3843135454909189,0.2971376681512232
604,0,c1,0.7049875926418899,0.2325937768082224,0.062418630549887805
605,1,c234,0.17448276314892466,0.4631932333290392,0.3623240035220361
606,2,c5,0.08431291718827813,0.3420393220045095,0.5736477608072124
607,0,c1,0.4715259456270328,0.36206145845402193,0.1664125959189451
608,2,c5,0.023687864864800123,0.10632492461650944,0.8699872105186904
609,0,c1,0.48787845892495596,0.2948855489344591,0.217235992140585
610,2,c5,0.0861926663643008,0.2311991436852001,0.682608189950499
611,0,c1,0.5636851145596101,0.2955221627686791,0.14079272267171075
612,0,c1,0.4606942836135182,0.30253665305570937,0.23676906333077252
613,1,c234,0.3379584289864411,0.44207413057795086,0.21996744043560792
614,0,c1,0.5995096588406097,0.2547174915108636,0.14577284964852674
615,1,c234,0.20267821558558108,0.42221146702646384,0.37511031738795503
616,2,c5,0.0770749024215275,0.2943782774735045,0.6285468201049681
617,1,c234,0.22819546820890055,0.42642935700781887,0.34537517478328067
618,2,c5,0.193621165339302,0.3230494312487496,0.4833294034119484
619,0,c1,0.5755160727915656,0.3075607450792604,0.11692318212917406
620,1,c234,0.3532722089425321,0.47975193265935806,0.16697585839810986
621,2,c5,0.19760834175842737,0.34428258254626987,0.45810907569530274
622,1,c234,0.23571808759298174,0.41531729604980616,0.348964616357212
623,0,c1,0.4980481368152193,0.39678787212792055,0.10516399105686033
624,2,c5,0.16762471038791996,0.40338903431193307,0.42898625530014695
625,1,c234,0.19143325911995146,0.5059627548967196,0.302603985983329
626,2,c5,0.30123051853866584,0.34100572004298524,0.3577637614183488
627,2,c5,0.10967652972865828,0.44211868473736793,0.4482047855339737
628,2,c5,0.12006740081310217,0.3486160688116484,0.5313165303752494
629,2,c5,0.20870265742421842,0.2904011753906704,0.5008961671851111
630,1,c234,0.1546957072432934,0.435340279508043,0.40996401324866366
631,2,c5,0.04909193004629446,0.16015041814739805,0.7907576518063075
632,2,c5,0.08124571942278386,0.40501473464924337,0.5137395459279728
633,0,c1,0.6119497016484567,0.2498288463604223,0.13822145199112096
634,1,c234,0.1491171945036082,0.45396213300165844,0.39692067249473334
635,0,c1,0.7706946520340574,0.18247595766692032,0.04682939029902232
636,0,c1,0.5241348141510358,0.36706823539157996,0.10879695045738409
637,2,c5,0.10806255939044429,0.3649467047952664,0.5269907358142892
638,1,c234,0.279126072914265,0.39934186353159457,0.32153206355414055
639,0,c1,0.5938242911290322,0.30171714229623275,0.10445856657473489
640,1,c234,0.2485427576060026,0.4707309825544864,0.28072625983951077
641,2,c5,0.18377108652240196,0.342116338076026,0.47411257540157203
642,0,c1,0.6058269675712967,0.23759303117497668,0.15658000125372662
643,0,c1,0.445796006777568,0.4235162703945018,0.1306877228279302
644,2,c5,0.0984104102715132,0.32354303704473764,0.5780465526837492
645,1,c234,0.33892265724783904,0.35966548727457176,0.30141185547758925
646,2,c5,0.15594437879139625,0.3482233638516988,0.49583225735690495
647,2,c5,0.1311456234090176,0.27475267329562447,0.5941017032953579
648,0,c1,0.46642848423791733,0.294352361229521,0.23921915453256168
649,0,c1,0.37210609669863426,0.29841224254653215,0.3294816607548336
650,2,c5,0.15371136326032758,0.3029287410344553,0.5433598957052171
651,2,c5,0.18886009222787664,0.4043322564530908,0.40680765131903257
652,1,c234,0.19008493938731194,0.4287815510256082,0.3811335095870797
653,2,c5,0.025278289303113034,0.10766694037184193,0.867054770325045
654,2,c5,0.04981871145315162,0.2823111371854846,0.6678701513613639
655,2,c5,0.0270244130490055,0.12152969220634134,0.8514458947446532
656,1,c234,0.19585069935823193,0.42861357524266197,0.3755357253991061
657,1,c234,0.2905508905826877,0.3755879297363265,0.3338611796809858
658,1,c234,0.2946022394730741,0.5477085449816746,0.1576892155452513
659,2,c5,0.04382806291948125,0.18157359196396183,0.7745983451165568
660,2,c5,0.14059450342444993,0.3662804937140508,0.49312500286149935
661,2,c5,0.014846939408458968,0.06570798802144369,0.9194450725700973
662,2,c5,0.04135650109297589,0.22199382187621772,0.7366496770308064
663,0,c1,0.4204587373418214,0.32542133596373624,0.2541199266944424
664,2,c5,0.0776085592639128,0.21184579524925082,0.7105456454868364
665,0,c1,0.5816340338267889,0.2961508366807409,0.12221512949247015
666,2,c5,0.16355174408805842,0.3672222712636778,0.46922598464826387
667,1,c234,0.33874497619654753,0.3955981442869971,0.2656568795164554
668,2,c5,0.1814965615674409,0.3217605095879186,0.4967429288446405
669,0,c1,0.4740316396378582,0.3482725961958485,0.1776957641662933
670,1,c234,0.26913984704189176,0.4506143984178243,0.2802457545402839
671,1,c234,0.2450189964123651,0.40490605605981367,0.3500749475278213
672,2,c5,0.02519399435369045,0.15343028152278337,0.8213757241235262
673,2,c5,0.056936178849450986,0.2281196847532894,0.7149441363972596
674,1,c234,0.3476240935882707,0.457780705179769,0.19459520123196025
675,1,c234,0.22965186233469975,0.44244945809793235,0.32789867956736785
676,1,c234,0.4229042766438893,0.44602210489523514,0.1310736184608756
677,2,c5,0.09992672314086745,0.2755699354785536,0.624503341380579
678,0,c1,0.6147087572462758,0.2851385984509595,0.10015264430276456
679,0,c1,0.451172718711474,0.40640818934441736,0.1424190919441085
680,1,c234,0.15494235276943896,0.48524537586859723,0.3598122713619639
681,1,c234,0.25186812010709714,0.44856520480698264,0.2995666750859203
682,1,c234,0.33926230120938716,0.4865050057492697,0.17423269304134326
683,2,c5,0.08526446410464678,0.265664006809746,0.6490715290856072
684,1,c234,0.3652526592268112,0.4275452087705275,0.20720213200266124
685,2,c5,0.12230736683273986,0.41044036160363906,0.46725227156362104
686,2,c5,0.18502683409855245,0.3044717343240192,0.5105014315774283
687,0,c1,0.4012031990389785,0.40115422702817094,0.1976425739328507
688,0,c1,0.6502383244414398,0.2108439413878153,0.13891773417074488
689,2,c5,0.05393211832148778,0.33005180440016246,0.6160160772783497
690,2,c5,0.28256383653474243,0.32592448895440296,0.3915116745108547
691,0,c1,0.3497092624489057,0.3336694514499022,0.3166212861011921
692,0,c1,0.6324740178865544,0.2446155928149697,0.1229103892984759
693,2,c5,0.27858439360741855,0.2932934604536268,0.4281221459389546
694,2,c5,0.06304056474290123,0.2921378177798846,0.6448216174772141
695,2,c5,0.27045976692412294,0.3027989057876655,0.42674132728821146
696,1,c234,0.3109878063484281,0.42346443162204317,0.26554776202952873
697,0,c1,0.4283808629971388,0.3745080329916943,0.19711110401116683
698,2,c5,0.16960215667327014,0.411549806352273,0.41884803697445694
699,0,c1,0.7030886849536089,0.22134472265056573,0.0755665923958254
700,1,c234,0.2608251656964607,0.49938954996405216,0.23978528433948715
701,0,c1,0.6067815545082885,0.3082441727935009,0.08497427269821063
702,0,c1,0.5122855047686444,0.3935508250927742,0.09416367013858148
703,0,c1,0.690331728929881,0.24084732232786535,0.06882094874225358
704,0,c1,0.6001792297283116,0.2458324488947676,0.1539883213769208
705,2,c5,0.14362354343679354,0.3185649739532349,0.5378114826099716
706,2,c5,0.20988109949196745,0.36790342598854064,0.4222154745194918
707,0,c1,0.5381840361297998,0.3159008858610665,0.14591507800913367
708,0,c1,0.5669820748313859,0.3081640449328427,0.12485388023577151
709,2,c5,0.13484962528329245,0.2733530750353973,0.5917972996813103
710,1,c234,0.15112968667517065,0.4494308796110981,0.3994394337137313
711,2,c5,0.1716250509249096,0.35043643972707794,0.47793850934801246
712,1,c234,0.14055052476834967,0.46833334231276846,0.3911161329188819
713,1,c234,0.30538735615623697,0.44927193679126903,0.2453407070524939
714,1,c234,0.26965337377259263,0.43387383473220625,0.29647279149520117
715,2,c5,0.043604395081332036,0.1991784026104433,0.7572172023082248
716,2,c5,0.09030283771373197,0.3920661611843259,0.5176310011019422
717,2,c5,0.08736092685141747,0.3493360837905952,0.5633029893579873
718,1,c234,0.21192661671749605,0.4478825723717433,0.3401908109107606
719,2,c5,0.14951436700409285,0.3498449809596184,0.5006406520362887
720,2,c5,0.03532429265191146,0.2390518034692862,0.7256239038788024
721,2,c5,0.22363206939633096,0.361465184410468,0.4149027461932011
722,1,c234,0.21759443941165102,0.5136384838745119,0.26876707671383704
723,0,c1,0.5833794282130487,0.32776592455980275,0.08885464722714861
724,2,c5,0.15042784960137567,0.2879291726600777,0.5616429777385465
725,1,c234,0.32036973079074366,0.4416243457698478,0.23800592343940846
726,0,c1,0.6869847235353088,0.22360375444822955,0.08941152201646163
727,0,c1,0.6000187659040375,0.3082793465951388,0.09170188750082377
728,2,c5,0.20544405637542293,0.39378636079390744,0.40076958283066977
729,2,c5,0.19943554176371417,0.27550649465514365,0.5250579635811422
730,1,c234,0.2644148105442069,0.41183976609551987,0.3237454233602733
731,1,c234,0.3017993092504428,0.40617733317338794,0.29202335757616915
732,2,c5,0.18986169567039154,0.35479495469656913,0.45534334963303946
733,1,c234,0.29558320576482006,0.35793686761420324,0.34647992662097665
734,1,c234,0.3378183774911865,0.454362403456151,0.20781921905266254
735,2,c5,0.06876107507315589,0.2581430250833036,0.6730958998435405
736,2,c5,0.09081278863054612,0.3026743701096489,0.606512841259805
737,1,c234,0.27114812773630925,0.3953136215677221,0.3335382506959686
738,0,c1,0.5252457156514395,0.3632501694195514,0.11150411492900897
739,1,c234,0.21564256527406575,0.4808830973592343,0.3034743373667001
740,1,c234,0.30876408658918797,0.430722165085411,0.260513748325401
741,0,c1,0.5045862281091926,0.33199805949505784,0.1634157123957496
742,2,c5,0.0798712387469166,0.2481016829209101,0.6720270783321733
743,2,c5,0.14163851865831859,0.40025287227995887,0.4581086090617226
744,2,c5,0.0737522382366885,0.3579170256039697,0.5683307361593417
745,2,c5,0.04301430596240683,0.19899327663747562,0.7579924174001175
746,1,c234,0.277375172428965,0.40387419250466794,0.3187506350663672
747,2,c5,0.12941730294971476,0.34710049727395964,0.5234821997763256
748,2,c5,0.1432714261573937,0.35175477664616916,0.5049737971964372
749,0,c1,0.5773294121225948,0.3309662889509447,0.09170429892646048
750,1,c234,0.23342108127819863,0.3886229771823723,0.3779559415394291
751,1,c234,0.3242897852201788,0.34867744919384636,0.3270327655859747
752,0,c1,0.48745884830574254,0.37260881476322344,0.13993233693103393
753,0,c1,0.42696855003048595,0.3346613244301188,0.23837012553939518
754,0,c1,0.4664933451841117,0.38753995380955913,0.1459667010063292
755,2,c5,0.21476483093972257,0.36954341469349306,0.4156917543667844
756,2,c5,0.10435071080452375,0.34728647765492576,0.5483628115405504
757,0,c1,0.43499286455305214,0.3248985293522492,0.2401086060946986
758,2,c5,0.10688845478215489,0.26740864648236706,0.6257028987354781
759,1,c234,0.22366402575555872,0.42860496443491436,0.34773100980952704
760,0,c1,0.5506287740488276,0.3110313959207514,0.13833983003042094
761,2,c5,0.1782505679690832,0.4086177364925473,0.41313169553836954
762,1,c234,0.13492327801765322,0.47485385697017607,0.39022286501217074
763,0,c1,0.43510924066677803,0.3954949993091395,0.1693957600240824
764,2,c5,0.21057680786045238,0.3441759329914492,0.4452472591480984
765,0,c1,0.5931380958702879,0.2900090449119823,0.1168528592177298
766,0,c1,0.49452212499684894,0.38881878105191137,0.11665909395123969
767,0,c1,0.5019092661497139,0.3742186518019662,0.12387208204831993
768,2,c5,0.15719018338865923,0.35100524205034256,0.4918045745609982
769,2,c5,0.10827660412983829,0.3751646077171717,0.51655878815299
770,2,c5,0.17234119193410835,0.4132232090504663,0.4144355990154253
771,1,c234,0.4260879793299409,0.4320588754923085,0.14185314517775066
772,2,c5,0.1595318663008112,0.380647061198219,0.4598210725009698
773,0,c1,0.6687304029118624,0.24397852581708535,0.08729107127105225
774,1,c234,0.22602258204661563,0.48959774901663516,0.28437966893674926
775,0,c1,0.6186714157483091,0.2807269954331401,0.10060158881855091
776,2,c5,0.08847705124716711,0.3309062184614671,0.5806167302913657
777,0,c1,0.6701343170879733,0.2508392134318965,0.07902646948013003
778,1,c234,0.15656771664127803,0.5227247405617429,0.32070754279697905
779,0,c1,0.34099069752169264,0.32666901837332984,0.3323402841049775
780,0,c1,0.6596882944753515,0.22329985047648598,0.11701185504816247
781,0,c1,0.7332395576092343,0.1936262002903282,0.07313424210043747
782,2,c5,0.09924303633262944,0.36399214985994344,0.5367648138074271
783,2,c5,0.16110048416861458,0.2812517526281684,0.557647763203217
784,2,c5,0.11250672245955433,0.36087813270528823,0.5266151448351575
785,1,c234,0.29392893231893075,0.37946795006699946,0.3266031176140698
786,2,c5,0.20383709299823732,0.3377052271699454,0.45845767983181734
787,2,c5,0.1476001306294768,0.37079500966732853,0.4816048597031946
788,1,c234,0.1681826987848962,0.44909238133457513,0.3827249198805287
789,2,c5,0.13532292051686126,0.37281848296633235,0.4918585965168064
790,0,c1,0.44153561855514323,0.334158065574229,0.22430631587062774
791,0,c1,0.5554366923819741,0.345173306872969,0.09939000074505693
792,0,c1,0.6482339355921561,0.26627834468371636,0.08548771972412748
793,1,c234,0.38580583266888524,0.46559795302419016,0.1485962143069245
794,0,c1,0.49297536601190284,0.3069185037190221,0.2001061302690752
795,1,c234,0.4103670573621307,0.4372602622251591,0.15237268041271018
796,0,c1,0.4714041126453408,0.38320204950341785,0.14539383785124138
797,0,c1,0.4012031990389785,0.40115422702817094,0.1976425739328507
798,0,c1,0.6196615899452284,0.302284779424373,0.0780536306303987
799,2,c5,0.23547532098978494,0.3811890960106015,0.3833355829996136
800,2,c5,0.04506171329161766,0.324932963282821,0.6300053234255614
801,2,c5,0.07738430189162214,0.3142381473788867,0.6083775507294911
802,1,c234,0.3412534725874585,0.34271458376651004,0.31603194364603154
803,2,c5,0.15587647685189052,0.2686367628714099,0.5754867602766995
804,0,c1,0.5094625279745,0.36077825944875386,0.12975921257674625
805,2,c5,0.15625785909043088,0.2810359741952027,0.5627061667143664
806,2,c5,0.07021948651420652,0.2738854196750308,0.6558950938107627
807,0,c1,0.564886228268728,0.3026987954221068,0.13241497630916518
808,2,c5,0.11180681048387354,0.37547739016712833,0.512715799348998
809,0,c1,0.6267214464841397,0.29627723922366667,0.07700131429219363
810,0,c1,0.43502400030625854,0.387485545605534,0.17749045408820746
811,2,c5,0.1550888306105156,0.35035238410700276,0.4945587852824817
812,1,c234,0.3120182755361309,0.442097542468294,0.24588418199557507
813,2,c5,0.08733179849586699,0.29812052277631357,0.6145476787278195
814,2,c5,0.29610460301642655,0.3503903229060212,0.3535050740775523
815,0,c1,0.43072499617164184,0.2686538983863963,0.30062110544196174
816,2,c5,0.3019105331564748,0.34598635621694623,0.35210311062657895
817,0,c1,0.5792990316874846,0.3356820760182243,0.08501889229429103
818,1,c234,0.20500231863329751,0.4810872435742763,0.31391043779242617
819,2,c5,0.06966531231165728,0.19656536121979729,0.7337693264685455
820,0,c1,0.580253405619427,0.283795796584664,0.135950797795909
821,1,c234,0.2753797094250358,0.39653921150660415,0.3280810790683599
822,1,c234,0.29531429293658507,0.4690393530574789,0.23564635400593595
823,1,c234,0.2911596094343835,0.38464236698280996,0.3241980235828065
824,1,c234,0.2728443856425607,0.44558148290402777,0.28157413145341154
825,0,c1,0.3970250455009987,0.3266387147623022,0.2763362397366991
826,2,c5,0.017896832195712583,0.12062719779631008,0.8614759700079773
827,2,c5,0.042974332788465644,0.2539075471281732,0.7031181200833612
828,1,c234,0.27199663538766106,0.3987593314960412,0.32924403311629774
829,2,c5,0.06701096484808884,0.3292763197994121,0.6037127153524992
830,2,c5,0.0821555784828088,0.24721002609400658,0.6706343954231846
831,0,c1,0.38999547279553753,0.31025141800848544,0.29975310919597703
832,1,c234,0.3803714967947746,0.4105523215092637,0.20907618169596184
833,0,c1,0.7810037481168244,0.16442827883424913,0.05456797304892643
834,2,c5,0.0408355986073369,0.19464934785196356,0.7645150535406996
835,0,c1,0.6857371946416002,0.21733644802787222,0.09692635733052761
836,1,c234,0.14790893293972654,0.5418214993228049,0.31026956773746844
837,1,c234,0.3316015672818604,0.484957424621161,0.18344100809697855
838,2,c5,0.12952929781566472,0.32539820277211856,0.5450724994122167
839,0,c1,0.6535935286357034,0.22389934090293592,0.12250713046136057
840,2,c5,0.14275704031793077,0.2635055589613646,0.5937374007207046
841,2,c5,0.06592487992313639,0.30737444412361187,0.6267006759532517
842,1,c234,0.3715536405020145,0.416120338098103,0.21232602139988252
843,2,c5,0.25654712689446435,0.36600941532589853,0.37744345777963717
844,0,c1,0.4282982525114374,0.34467810146622,0.22702364602234276
845,1,c234,0.2817653042042238,0.4570711729498848,0.26116352284589134
846,0,c1,0.4815641838233931,0.33035834188882623,0.1880774742877807
847,0,c1,0.46623889929483886,0.3456133693990591,0.1881477313061019
848,0,c1,0.6614664397897891,0.2645723122356844,0.07396124797452654
849,1,c234,0.3317940289987196,0.35203073367820376,0.31617523732307656
850,1,c234,0.3588997519221296,0.43681740703393657,0.20428284104393374
851,1,c234,0.23115982684659908,0.42766652187534243,0.34117365127805854
852,1,c234,0.2153980695173743,0.524337855977985,0.26026407450464073
853,1,c234,0.16494411558816813,0.48752762597598154,0.3475282584358503
854,0,c1,0.6339137437351735,0.291184996715808,0.07490125954901844
855,1,c234,0.3803714967947746,0.4105523215092637,0.20907618169596184
856,2,c5,0.14802137243045452,0.41200616477228996,0.4399724627972555
857,0,c1,0.4457949832781297,0.410585330500042,0.1436196862218284
858,2,c5,0.1625687866415642,0.3772462244874136,0.46018498887102216
859,0,c1,0.3861777957391509,0.32323032024358067,0.2905918840172685
860,1,c234,0.14205154586428254,0.4747237042473863,0.38322474988833116
861,0,c1,0.6556450422604109,0.2787041425988004,0.06565081514078874
862,1,c234,0.23504450910381444,0.3953590850042383,0.36959640589194737
863,0,c1,0.8239302613682574,0.13345620773332864,0.0426135308984139
864,2,c5,0.2627997104648081,0.32927279444384383,0.40792749509134807
865,2,c5,0.19943860472198474,0.2990503739747471,0.5015110213032682
866,0,c1,0.6186166081196692,0.2912567172566929,0.09012667462363787
867,1,c234,0.3092564686053494,0.3541101205809155,0.33663341081373505
868,2,c5,0.2257247911812138,0.2894827807488509,0.48479242806993533
869,0,c1,0.4534946527875205,0.3823005622142668,0.16420478499821273
870,0,c1,0.7582084651745729,0.16546200161705057,0.0763295332083766
871,2,c5,0.3136443067881921,0.3191868451343906,0.36716884807741734
872,2,c5,0.04207473765919321,0.20334152571857056,0.7545837366222362
873,1,c234,0.3669914165794376,0.48749206168836084,0.14551652173220153
874,0,c1,0.8280132697469424,0.13382318516020164,0.038163545092856056
875,1,c234,0.27519575102881483,0.38202482601082144,0.34277942296036384
876,0,c1,0.5601686552313279,0.2679855928229564,0.17184575194571572
877,1,c234,0.29035621715850235,0.4498978205462202,0.25974596229527747
878,2,c5,0.10151143491365122,0.2987231290234463,0.5997654360629024
879,0,c1,0.49506308405976635,0.3207115530690385,0.18422536287119512
880,1,c234,0.40902919584690994,0.4294969593911064,0.16147384476198376
881,1,c234,0.27181098384486096,0.4564775542413727,0.2717114619137664
882,2,c5,0.10803219936230882,0.2542984116641168,0.6376693889735744
883,1,c234,0.3078921937566172,0.45390654712311185,0.238201259120271
884,1,c234,0.2222222250598361,0.5424044166314465,0.23537335830871733
885,2,c5,0.07239495088618116,0.24341870884221467,0.6841863402716042
886,0,c1,0.4175157215779682,0.413256429023635,0.1692278493983968
887,1,c234,0.3818809459635777,0.44919739150769905,0.16892166252872332
888,2,c5,0.2517078134023351,0.3542290539217644,0.39406313267590054
889,2,c5,0.32630779504221374,0.3212782741442231,0.35241393081356315
890,1,c234,0.38189000714119864,0.395844437547231,0.22226555531157036
891,0,c1,0.567925174147166,0.3442118299216727,0.0878629959311614
892,2,c5,0.11551537829184118,0.39145190147446957,0.49303272023368927
893,2,c5,0.08350092059800944,0.24479452381700773,0.6717045555849828
894,0,c1,0.4197753819697581,0.2614411005405986,0.31878351748964334
895,0,c1,0.670709214993306,0.24977055429659134,0.07952023071010268
896,2,c5,0.0684676915087648,0.3646614537056597,0.5668708547855754
897,2,c5,0.20044695372718965,0.3353168846302777,0.46423616164253256
898,0,c1,0.5074612201142663,0.3806280449033841,0.11191073498234969
899,1,c234,0.20475274879436484,0.5407702726567877,0.2544769785488475
