row_id,y_pred_id,y_pred,prob_c1,prob_c234,prob_c5,threshold_1,threshold_2
0,1,c234,0.33600414,0.31855947,0.3454364,-0.5001208782196045,0.8203215599060059
1,0,c1,0.53691995,0.27594736,0.18713269,-0.5001208782196045,0.8203215599060059
2,2,c5,0.14116299,0.23982626,0.61901075,-0.5001208782196045,0.8203215599060059
3,0,c1,0.5660186,0.2640252,0.16995624,-0.5001208782196045,0.8203215599060059
4,0,c1,0.57415605,0.26052058,0.16532342,-0.5001208782196045,0.8203215599060059
5,0,c1,0.65445316,0.22196981,0.12357699,-0.5001208782196045,0.8203215599060059
6,1,c234,0.2370457,0.300724,0.4622303,-0.5001208782196045,0.8203215599060059
7,1,c234,0.31195068,0.31736842,0.3706809,-0.5001208782196045,0.8203215599060059
8,2,c5,0.16899401,0.26330906,0.5676969,-0.5001208782196045,0.8203215599060059
9,0,c1,0.6329566,0.23294926,0.13409412,-0.5001208782196045,0.8203215599060059
10,1,c234,0.36161542,0.3179887,0.3203959,-0.5001208782196045,0.8203215599060059
11,1,c234,0.3182732,0.3178539,0.36387292,-0.5001208782196045,0.8203215599060059
12,1,c234,0.42811382,0.3088551,0.2630311,-0.5001208782196045,0.8203215599060059
13,0,c1,0.50402826,0.2877928,0.20817892,-0.5001208782196045,0.8203215599060059
14,2,c5,0.08035743,0.1661759,0.75346667,-0.5001208782196045,0.8203215599060059
15,2,c5,0.124958575,0.22346485,0.6515766,-0.5001208782196045,0.8203215599060059
16,1,c234,0.22850066,0.29747692,0.47402242,-0.5001208782196045,0.8203215599060059
17,2,c5,0.18447351,0.27423888,0.5412876,-0.5001208782196045,0.8203215599060059
18,2,c5,0.12863457,0.22736418,0.64400125,-0.5001208782196045,0.8203215599060059
19,2,c5,0.089613795,0.17971182,0.7306744,-0.5001208782196045,0.8203215599060059
20,0,c1,0.55362594,0.26913357,0.17724052,-0.5001208782196045,0.8203215599060059
21,1,c234,0.44438392,0.30525354,0.25036255,-0.5001208782196045,0.8203215599060059
22,2,c5,0.04707414,0.10903072,0.84389514,-0.5001208782196045,0.8203215599060059
23,2,c5,0.16817278,0.26269287,0.56913435,-0.5001208782196045,0.8203215599060059
24,1,c234,0.25238407,0.30594292,0.441673,-0.5001208782196045,0.8203215599060059
25,1,c234,0.21321332,0.2904487,0.49633798,-0.5001208782196045,0.8203215599060059
26,2,c5,0.06477171,0.14116251,0.7940658,-0.5001208782196045,0.8203215599060059
27,1,c234,0.4164406,0.31124467,0.27231473,-0.5001208782196045,0.8203215599060059
28,2,c5,0.05561757,0.12506664,0.8193158,-0.5001208782196045,0.8203215599060059
29,1,c234,0.4810272,0.29525673,0.22371607,-0.5001208782196045,0.8203215599060059
30,1,c234,0.2447238,0.30334508,0.45193112,-0.5001208782196045,0.8203215599060059
31,2,c5,0.052134275,0.11865014,0.8292156,-0.5001208782196045,0.8203215599060059
32,2,c5,0.17023194,0.26422936,0.5655387,-0.5001208782196045,0.8203215599060059
33,1,c234,0.27163798,0.31103116,0.41733086,-0.5001208782196045,0.8203215599060059
34,1,c234,0.26208568,0.30860457,0.42930976,-0.5001208782196045,0.8203215599060059
35,1,c234,0.32670087,0.31830725,0.35499188,-0.5001208782196045,0.8203215599060059
36,1,c234,0.36602306,0.31771326,0.31626368,-0.5001208782196045,0.8203215599060059
37,0,c1,0.6706083,0.213431,0.115960725,-0.5001208782196045,0.8203215599060059
38,1,c234,0.3606016,0.3180449,0.3213535,-0.5001208782196045,0.8203215599060059
39,1,c234,0.22286916,0.29494557,0.48218527,-0.5001208782196045,0.8203215599060059
40,1,c234,0.46684557,0.29944807,0.23370637,-0.5001208782196045,0.8203215599060059
41,1,c234,0.28120822,0.31316647,0.4056253,-0.5001208782196045,0.8203215599060059
42,1,c234,0.3044551,0.31656882,0.37897608,-0.5001208782196045,0.8203215599060059
43,2,c5,0.10141134,0.19565064,0.702938,-0.5001208782196045,0.8203215599060059
44,1,c234,0.3335032,0.31851667,0.34798014,-0.5001208782196045,0.8203215599060059
45,0,c1,0.52159303,0.28158075,0.19682622,-0.5001208782196045,0.8203215599060059
46,2,c5,0.14841706,0.24648374,0.6050992,-0.5001208782196045,0.8203215599060059
47,0,c1,0.71462804,0.18900685,0.09636511,-0.5001208782196045,0.8203215599060059
48,2,c5,0.20087099,0.28411883,0.5150102,-0.5001208782196045,0.8203215599060059
49,2,c5,0.100878656,0.19496119,0.70416015,-0.5001208782196045,0.8203215599060059
50,2,c5,0.12656909,0.22518718,0.6482437,-0.5001208782196045,0.8203215599060059
51,0,c1,0.6057991,0.24615374,0.14804721,-0.5001208782196045,0.8203215599060059
52,1,c234,0.2590751,0.3079027,0.4330222,-0.5001208782196045,0.8203215599060059
53,2,c5,0.12095702,0.21908969,0.6599533,-0.5001208782196045,0.8203215599060059
54,1,c234,0.40403706,0.31337094,0.282592,-0.5001208782196045,0.8203215599060059
55,1,c234,0.35287046,0.31838465,0.3287449,-0.5001208782196045,0.8203215599060059
56,0,c1,0.5851011,0.25568146,0.1592174,-0.5001208782196045,0.8203215599060059
57,2,c5,0.17724055,0.26925415,0.5535053,-0.5001208782196045,0.8203215599060059
58,1,c234,0.28557116,0.31391397,0.40051487,-0.5001208782196045,0.8203215599060059
59,0,c1,0.59948516,0.24911104,0.15140383,-0.5001208782196045,0.8203215599060059
60,0,c1,0.50305176,0.2881247,0.20882356,-0.5001208782196045,0.8203215599060059
61,1,c234,0.35253608,0.31839567,0.32906824,-0.5001208782196045,0.8203215599060059
62,1,c234,0.4431184,0.30560154,0.25128007,-0.5001208782196045,0.8203215599060059
63,1,c234,0.4100474,0.3123817,0.27757087,-0.5001208782196045,0.8203215599060059
64,1,c234,0.31658047,0.31773636,0.36568317,-0.5001208782196045,0.8203215599060059
65,1,c234,0.3845654,0.31602222,0.29941237,-0.5001208782196045,0.8203215599060059
66,1,c234,0.3086068,0.31706005,0.37433314,-0.5001208782196045,0.8203215599060059
67,2,c5,0.10762489,0.20348793,0.6888872,-0.5001208782196045,0.8203215599060059
68,1,c234,0.25275278,0.3060558,0.4411914,-0.5001208782196045,0.8203215599060059
69,2,c5,0.20465958,0.28618616,0.50915426,-0.5001208782196045,0.8203215599060059
70,2,c5,0.072243035,0.1535148,0.77424216,-0.5001208782196045,0.8203215599060059
71,1,c234,0.33513325,0.31854653,0.3463202,-0.5001208782196045,0.8203215599060059
72,1,c234,0.3695426,0.31745777,0.31299964,-0.5001208782196045,0.8203215599060059
73,0,c1,0.64131004,0.22873615,0.12995382,-0.5001208782196045,0.8203215599060059
74,1,c234,0.4872464,0.2934161,0.2193375,-0.5001208782196045,0.8203215599060059
75,1,c234,0.41454333,0.31159106,0.2738656,-0.5001208782196045,0.8203215599060059
76,1,c234,0.35086608,0.3184466,0.3306873,-0.5001208782196045,0.8203215599060059
77,1,c234,0.2254166,0.2960546,0.4785288,-0.5001208782196045,0.8203215599060059
78,1,c234,0.2509128,0.3056073,0.44347993,-0.5001208782196045,0.8203215599060059
79,1,c234,0.26095408,0.30841976,0.43062615,-0.5001208782196045,0.8203215599060059
80,1,c234,0.39169675,0.31510118,0.29320207,-0.5001208782196045,0.8203215599060059
81,0,c1,0.6669308,0.21549708,0.117572136,-0.5001208782196045,0.8203215599060059
82,1,c234,0.21866935,0.29316926,0.48816139,-0.5001208782196045,0.8203215599060059
83,2,c5,0.12732679,0.22598982,0.6466834,-0.5001208782196045,0.8203215599060059
84,1,c234,0.42787474,0.30890483,0.26322043,-0.5001208782196045,0.8203215599060059
85,0,c1,0.5565201,0.26794183,0.17553808,-0.5001208782196045,0.8203215599060059
86,1,c234,0.4475206,0.30449197,0.24798742,-0.5001208782196045,0.8203215599060059
87,1,c234,0.47365725,0.2974976,0.22884515,-0.5001208782196045,0.8203215599060059
88,0,c1,0.62452257,0.23713213,0.13834533,-0.5001208782196045,0.8203215599060059
89,0,c1,0.86904925,0.092267305,0.0386835,-0.5001208782196045,0.8203215599060059
90,1,c234,0.47633606,0.296709,0.22695492,-0.5001208782196045,0.8203215599060059
91,0,c1,0.50183105,0.28869927,0.20946968,-0.5001208782196045,0.8203215599060059
92,2,c5,0.08225399,0.16902608,0.74871993,-0.5001208782196045,0.8203215599060059
93,0,c1,0.55929005,0.26686144,0.17384852,-0.5001208782196045,0.8203215599060059
94,1,c234,0.34554684,0.31855792,0.33589524,-0.5001208782196045,0.8203215599060059
95,1,c234,0.4750573,0.29712996,0.22781274,-0.5001208782196045,0.8203215599060059
96,1,c234,0.46168417,0.30091673,0.23739909,-0.5001208782196045,0.8203215599060059
97,1,c234,0.2677909,0.31018093,0.42202815,-0.5001208782196045,0.8203215599060059
98,1,c234,0.48462403,0.29419357,0.22118242,-0.5001208782196045,0.8203215599060059
99,2,c5,0.16398025,0.2594778,0.57654196,-0.5001208782196045,0.8203215599060059
100,1,c234,0.49108982,0.2922364,0.2166738,-0.5001208782196045,0.8203215599060059
101,1,c234,0.46465862,0.30005732,0.23528406,-0.5001208782196045,0.8203215599060059
102,1,c234,0.25627315,0.3071048,0.43662205,-0.5001208782196045,0.8203215599060059
103,2,c5,0.20737523,0.287498,0.5051268,-0.5001208782196045,0.8203215599060059
104,2,c5,0.1505276,0.24834704,0.60112536,-0.5001208782196045,0.8203215599060059
105,1,c234,0.38191086,0.31631574,0.3017734,-0.5001208782196045,0.8203215599060059
106,2,c5,0.20914644,0.28829014,0.5025634,-0.5001208782196045,0.8203215599060059
107,1,c234,0.28091222,0.31305036,0.40603742,-0.5001208782196045,0.8203215599060059
108,1,c234,0.24400258,0.30321956,0.45277786,-0.5001208782196045,0.8203215599060059
109,2,c5,0.11596072,0.21321535,0.67082393,-0.5001208782196045,0.8203215599060059
110,0,c1,0.62360615,0.23758225,0.13881166,-0.5001208782196045,0.8203215599060059
111,2,c5,0.18787658,0.27629626,0.53582716,-0.5001208782196045,0.8203215599060059
112,2,c5,0.13006425,0.22885036,0.6410854,-0.5001208782196045,0.8203215599060059
113,2,c5,0.060640514,0.13403326,0.8053262,-0.5001208782196045,0.8203215599060059
114,2,c5,0.0670563,0.1450125,0.7879312,-0.5001208782196045,0.8203215599060059
115,2,c5,0.11899805,0.21689713,0.6641048,-0.5001208782196045,0.8203215599060059
116,1,c234,0.28706777,0.31417462,0.3987576,-0.5001208782196045,0.8203215599060059
117,1,c234,0.25795197,0.30770668,0.43434134,-0.5001208782196045,0.8203215599060059
118,1,c234,0.26001352,0.30816275,0.43182373,-0.5001208782196045,0.8203215599060059
119,1,c234,0.26588047,0.30982682,0.4242927,-0.5001208782196045,0.8203215599060059
120,1,c234,0.4647801,0.30011153,0.23510839,-0.5001208782196045,0.8203215599060059
121,2,c5,0.08035743,0.1663574,0.75328517,-0.5001208782196045,0.8203215599060059
122,0,c1,0.6410854,0.22885035,0.13006426,-0.5001208782196045,0.8203215599060059
123,2,c5,0.16371262,0.25926864,0.57701874,-0.5001208782196045,0.8203215599060059
124,2,c5,0.07835978,0.16312957,0.75851065,-0.5001208782196045,0.8203215599060059
125,1,c234,0.41406935,0.31167647,0.27425417,-0.5001208782196045,0.8203215599060059
126,0,c1,0.5842712,0.25598782,0.15974101,-0.5001208782196045,0.8203215599060059
127,0,c1,0.5673374,0.26353133,0.16913125,-0.5001208782196045,0.8203215599060059
128,2,c5,0.11476475,0.21182883,0.6734064,-0.5001208782196045,0.8203215599060059
129,0,c1,0.6829968,0.20672385,0.11027938,-0.5001208782196045,0.8203215599060059
130,1,c234,0.26473838,0.30929822,0.4259634,-0.5001208782196045,0.8203215599060059
131,0,c1,0.62360615,0.23758225,0.13881166,-0.5001208782196045,0.8203215599060059
132,1,c234,0.48657548,0.29358494,0.21983956,-0.5001208782196045,0.8203215599060059
133,1,c234,0.4069798,0.31289643,0.28012377,-0.5001208782196045,0.8203215599060059
134,1,c234,0.2674082,0.31020632,0.42238548,-0.5001208782196045,0.8203215599060059
135,1,c234,0.26057762,0.30831727,0.4311051,-0.5001208782196045,0.8203215599060059
136,2,c5,0.12262821,0.22093368,0.6564381,-0.5001208782196045,0.8203215599060059
137,1,c234,0.28022224,0.31285685,0.4069209,-0.5001208782196045,0.8203215599060059
138,1,c234,0.45665205,0.30221617,0.2411318,-0.5001208782196045,0.8203215599060059
139,0,c1,0.70395666,0.19516471,0.100878626,-0.5001208782196045,0.8203215599060059
140,1,c234,0.45544076,0.3025328,0.24202643,-0.5001208782196045,0.8203215599060059
141,2,c5,0.061876,0.13618815,0.80193585,-0.5001208782196045,0.8203215599060059
142,0,c1,0.83894384,0.112289086,0.048767094,-0.5001208782196045,0.8203215599060059
143,0,c1,0.74853617,0.16906233,0.0824015,-0.5001208782196045,0.8203215599060059
144,0,c1,0.6057991,0.24615374,0.14804721,-0.5001208782196045,0.8203215599060059
145,1,c234,0.49700934,0.29026842,0.21272224,-0.5001208782196045,0.8203215599060059
146,2,c5,0.084795415,0.1727829,0.7424217,-0.5001208782196045,0.8203215599060059
147,2,c5,0.025468111,0.06366885,0.91086304,-0.5001208782196045,0.8203215599060059
148,2,c5,0.18832403,0.276699,0.53497696,-0.5001208782196045,0.8203215599060059
149,0,c1,0.61474097,0.24183151,0.14342749,-0.5001208782196045,0.8203215599060059
150,0,c1,0.5474641,0.27170712,0.18082882,-0.5001208782196045,0.8203215599060059
151,1,c234,0.42345804,0.30989835,0.2666436,-0.5001208782196045,0.8203215599060059
152,0,c1,0.684053,0.20624122,0.109705776,-0.5001208782196045,0.8203215599060059
153,2,c5,0.08151972,0.16811043,0.75036985,-0.5001208782196045,0.8203215599060059
154,0,c1,0.5441959,0.27308708,0.18271701,-0.5001208782196045,0.8203215599060059
155,2,c5,0.14645308,0.24472028,0.60882664,-0.5001208782196045,0.8203215599060059
156,2,c5,0.11357957,0.21086979,0.67555064,-0.5001208782196045,0.8203215599060059
157,2,c5,0.115760684,0.21319973,0.6710396,-0.5001208782196045,0.8203215599060059
158,0,c1,0.5410451,0.2741874,0.1847675,-0.5001208782196045,0.8203215599060059
159,1,c234,0.22371608,0.29531768,0.48096624,-0.5001208782196045,0.8203215599060059
160,2,c5,0.19436783,0.28026336,0.5253688,-0.5001208782196045,0.8203215599060059
161,0,c1,0.6932653,0.20115584,0.10557884,-0.5001208782196045,0.8203215599060059
162,1,c234,0.26303107,0.30897462,0.4279943,-0.5001208782196045,0.8203215599060059
163,0,c1,0.61578125,0.2413901,0.14282866,-0.5001208782196045,0.8203215599060059
164,1,c234,0.2800253,0.31287703,0.40709767,-0.5001208782196045,0.8203215599060059
165,2,c5,0.13039607,0.22919291,0.640411,-0.5001208782196045,0.8203215599060059
166,2,c5,0.07504076,0.1579668,0.76699245,-0.5001208782196045,0.8203215599060059
167,2,c5,0.20244324,0.2848642,0.5126926,-0.5001208782196045,0.8203215599060059
168,2,c5,0.053107917,0.12046021,0.8264319,-0.5001208782196045,0.8203215599060059
169,1,c234,0.4162627,0.31132582,0.2724115,-0.5001208782196045,0.8203215599060059
170,0,c1,0.6202767,0.2391513,0.14057204,-0.5001208782196045,0.8203215599060059
171,2,c5,0.11221033,0.20903671,0.67875296,-0.5001208782196045,0.8203215599060059
172,2,c5,0.045691967,0.10634023,0.8479678,-0.5001208782196045,0.8203215599060059
173,1,c234,0.28557116,0.31397262,0.40045622,-0.5001208782196045,0.8203215599060059
174,0,c1,0.674265,0.21136647,0.114368536,-0.5001208782196045,0.8203215599060059
175,2,c5,0.19651765,0.281402,0.52208036,-0.5001208782196045,0.8203215599060059
176,0,c1,0.5108625,0.28542992,0.20370755,-0.5001208782196045,0.8203215599060059
177,2,c5,0.20946968,0.28869927,0.50183105,-0.5001208782196045,0.8203215599060059
178,2,c5,0.055823147,0.12544,0.81873685,-0.5001208782196045,0.8203215599060059
179,2,c5,0.17895585,0.27043676,0.5506074,-0.5001208782196045,0.8203215599060059
180,0,c1,0.6949241,0.20023252,0.10484336,-0.5001208782196045,0.8203215599060059
181,2,c5,0.075858176,0.1592502,0.7648916,-0.5001208782196045,0.8203215599060059
182,1,c234,0.4739616,0.29736555,0.22867285,-0.5001208782196045,0.8203215599060059
183,0,c1,0.57236433,0.2612314,0.1664043,-0.5001208782196045,0.8203215599060059
184,1,c234,0.30985844,0.3171797,0.37296185,-0.5001208782196045,0.8203215599060059
185,2,c5,0.052521706,0.11937195,0.82810634,-0.5001208782196045,0.8203215599060059
186,2,c5,0.16424817,0.25968677,0.57606506,-0.5001208782196045,0.8203215599060059
187,1,c234,0.29665422,0.3155975,0.38774827,-0.5001208782196045,0.8203215599060059
188,1,c234,0.3238076,0.31817612,0.35801628,-0.5001208782196045,0.8203215599060059
189,2,c5,0.10302442,0.19792652,0.69904906,-0.5001208782196045,0.8203215599060059
190,1,c234,0.21370518,0.29081127,0.49548355,-0.5001208782196045,0.8203215599060059
191,1,c234,0.30766994,0.31696713,0.37536293,-0.5001208782196045,0.8203215599060059
192,2,c5,0.06418264,0.14015931,0.79565805,-0.5001208782196045,0.8203215599060059
193,0,c1,0.617282,0.2407243,0.14199379,-0.5001208782196045,0.8203215599060059
194,0,c1,0.685318,0.20535718,0.10932483,-0.5001208782196045,0.8203215599060059
195,1,c234,0.38774824,0.3155975,0.29665425,-0.5001208782196045,0.8203215599060059
196,2,c5,0.17455095,0.26736283,0.5580862,-0.5001208782196045,0.8203215599060059
197,0,c1,0.534491,0.27688628,0.18862271,-0.5001208782196045,0.8203215599060059
198,2,c5,0.20963144,0.28865957,0.501709,-0.5001208782196045,0.8203215599060059
199,1,c234,0.38919824,0.31547022,0.29533154,-0.5001208782196045,0.8203215599060059
200,1,c234,0.26170814,0.3086232,0.42966866,-0.5001208782196045,0.8203215599060059
201,1,c234,0.27532452,0.31184947,0.412826,-0.5001208782196045,0.8203215599060059
202,1,c234,0.24184728,0.30246973,0.455683,-0.5001208782196045,0.8203215599060059
203,2,c5,0.14069003,0.2393784,0.6199316,-0.5001208782196045,0.8203215599060059
204,1,c234,0.40798187,0.31277966,0.27923846,-0.5001208782196045,0.8203215599060059
205,2,c5,0.10266405,0.1970557,0.70028025,-0.5001208782196045,0.8203215599060059
206,0,c1,0.7002803,0.19705571,0.10266401,-0.5001208782196045,0.8203215599060059
207,0,c1,0.5371628,0.27570453,0.18713269,-0.5001208782196045,0.8203215599060059
208,1,c234,0.2974699,0.31576666,0.38676342,-0.5001208782196045,0.8203215599060059
209,2,c5,0.025468111,0.06366885,0.91086304,-0.5001208782196045,0.8203215599060059
210,0,c1,0.5622967,0.2655315,0.17217186,-0.5001208782196045,0.8203215599060059
211,2,c5,0.20386595,0.28563756,0.5104965,-0.5001208782196045,0.8203215599060059
212,1,c234,0.2747404,0.31184167,0.41341794,-0.5001208782196045,0.8203215599060059
213,2,c5,0.11476475,0.21225846,0.6729768,-0.5001208782196045,0.8203215599060059
214,2,c5,0.09773427,0.19063437,0.71163136,-0.5001208782196045,0.8203215599060059
215,2,c5,0.04611975,0.10717577,0.8467045,-0.5001208782196045,0.8203215599060059
216,2,c5,0.123788655,0.22219998,0.65401137,-0.5001208782196045,0.8203215599060059
217,1,c234,0.37490517,0.31700867,0.30808616,-0.5001208782196045,0.8203215599060059
218,2,c5,0.09602547,0.18874943,0.7152251,-0.5001208782196045,0.8203215599060059
219,1,c234,0.32906818,0.31839576,0.35253605,-0.5001208782196045,0.8203215599060059
220,2,c5,0.19806415,0.28229266,0.5196432,-0.5001208782196045,0.8203215599060059
221,1,c234,0.2281565,0.29721236,0.47463113,-0.5001208782196045,0.8203215599060059
222,2,c5,0.20914644,0.28841215,0.5024414,-0.5001208782196045,0.8203215599060059
223,1,c234,0.457682,0.30190024,0.24041775,-0.5001208782196045,0.8203215599060059
224,0,c1,0.7426084,0.17259616,0.084795415,-0.5001208782196045,0.8203215599060059
225,2,c5,0.2032327,0.2852947,0.5114726,-0.5001208782196045,0.8203215599060059
226,0,c1,0.655336,0.22150943,0.12315455,-0.5001208782196045,0.8203215599060059
227,0,c1,0.6193562,0.2395992,0.14104465,-0.5001208782196045,0.8203215599060059
228,1,c234,0.34191203,0.31858888,0.3394991,-0.5001208782196045,0.8203215599060059
229,1,c234,0.2150209,0.2912044,0.4937747,-0.5001208782196045,0.8203215599060059
230,1,c234,0.29027623,0.3147063,0.39501747,-0.5001208782196045,0.8203215599060059
231,0,c1,0.66323286,0.217359,0.11940814,-0.5001208782196045,0.8203215599060059
232,1,c234,0.30033505,0.31608135,0.3835836,-0.5001208782196045,0.8203215599060059
233,1,c234,0.37490517,0.31700867,0.30808616,-0.5001208782196045,0.8203215599060059
234,1,c234,0.4223855,0.31020632,0.26740816,-0.5001208782196045,0.8203215599060059
235,0,c1,0.6354487,0.23169957,0.1328517,-0.5001208782196045,0.8203215599060059
236,1,c234,0.413122,0.31184563,0.27503237,-0.5001208782196045,0.8203215599060059
237,2,c5,0.12168574,0.21989673,0.6584175,-0.5001208782196045,0.8203215599060059
238,2,c5,0.19961989,0.28329694,0.51708317,-0.5001208782196045,0.8203215599060059
239,1,c234,0.44999683,0.30383247,0.24617071,-0.5001208782196045,0.8203215599060059
240,1,c234,0.29067874,0.31477046,0.3945508,-0.5001208782196045,0.8203215599060059
241,0,c1,0.5237857,0.2809273,0.19528697,-0.5001208782196045,0.8203215599060059
242,1,c234,0.3132097,0.3174752,0.3693151,-0.5001208782196045,0.8203215599060059
243,2,c5,0.10539454,0.20071751,0.69388795,-0.5001208782196045,0.8203215599060059
244,1,c234,0.3725052,0.31721857,0.31027624,-0.5001208782196045,0.8203215599060059
245,1,c234,0.30136204,0.31620824,0.38242972,-0.5001208782196045,0.8203215599060059
246,1,c234,0.44999683,0.30383247,0.24617071,-0.5001208782196045,0.8203215599060059
247,2,c5,0.12315452,0.22150946,0.655336,-0.5001208782196045,0.8203215599060059
248,2,c5,0.17909944,0.27053487,0.5503657,-0.5001208782196045,0.8203215599060059
249,1,c234,0.29158562,0.31491283,0.39350155,-0.5001208782196045,0.8203215599060059
250,2,c5,0.072374046,0.15372539,0.77390057,-0.5001208782196045,0.8203215599060059
251,2,c5,0.17231107,0.26575285,0.5619361,-0.5001208782196045,0.8203215599060059
252,1,c234,0.47913808,0.29578614,0.22507577,-0.5001208782196045,0.8203215599060059
253,0,c1,0.65709853,0.22058812,0.12231338,-0.5001208782196045,0.8203215599060059
254,0,c1,0.6475754,0.2255313,0.12689333,-0.5001208782196045,0.8203215599060059
255,0,c1,0.50671345,0.28703272,0.20625381,-0.5001208782196045,0.8203215599060059
256,1,c234,0.451387,0.303528,0.24508502,-0.5001208782196045,0.8203215599060059
257,0,c1,0.5348555,0.27667123,0.1884733,-0.5001208782196045,0.8203215599060059
258,0,c1,0.622115,0.23825413,0.13963085,-0.5001208782196045,0.8203215599060059
259,1,c234,0.42226636,0.3101341,0.26759952,-0.5001208782196045,0.8203215599060059
260,1,c234,0.2822951,0.31331503,0.40438986,-0.5001208782196045,0.8203215599060059
261,1,c234,0.40633184,0.3130518,0.28061637,-0.5001208782196045,0.8203215599060059
262,2,c5,0.10266405,0.19746578,0.69987017,-0.5001208782196045,0.8203215599060059
263,1,c234,0.47457033,0.29727316,0.22815649,-0.5001208782196045,0.8203215599060059
264,0,c1,0.5749915,0.26022345,0.1647851,-0.5001208782196045,0.8203215599060059
265,1,c234,0.4225642,0.31002763,0.26740816,-0.5001208782196045,0.8203215599060059
266,1,c234,0.21950477,0.2934318,0.48706344,-0.5001208782196045,0.8203215599060059
267,0,c1,0.5608541,0.26613736,0.17300858,-0.5001208782196045,0.8203215599060059
268,1,c234,0.2959416,0.31555638,0.38850203,-0.5001208782196045,0.8203215599060059
269,0,c1,0.655777,0.22127919,0.1229438,-0.5001208782196045,0.8203215599060059
270,1,c234,0.39729518,0.31433618,0.28836864,-0.5001208782196045,0.8203215599060059
271,1,c234,0.34257156,0.31858602,0.33884242,-0.5001208782196045,0.8203215599060059
272,0,c1,0.5897164,0.25366345,0.15662017,-0.5001208782196045,0.8203215599060059
273,0,c1,0.6703925,0.21364677,0.115960725,-0.5001208782196045,0.8203215599060059
274,1,c234,0.383295,0.31616476,0.30054024,-0.5001208782196045,0.8203215599060059
275,0,c1,0.64467263,0.22702083,0.12830654,-0.5001208782196045,0.8203215599060059
276,0,c1,0.5549529,0.2686594,0.17638768,-0.5001208782196045,0.8203215599060059
277,1,c234,0.23616374,0.30051345,0.46332282,-0.5001208782196045,0.8203215599060059
278,0,c1,0.6690965,0.2141395,0.116764024,-0.5001208782196045,0.8203215599060059
279,2,c5,0.14560068,0.24394584,0.6104535,-0.5001208782196045,0.8203215599060059
280,2,c5,0.14282864,0.24139011,0.61578125,-0.5001208782196045,0.8203215599060059
281,0,c1,0.570092,0.26228094,0.16762705,-0.5001208782196045,0.8203215599060059
282,0,c1,0.5172051,0.28317505,0.19961986,-0.5001208782196045,0.8203215599060059
283,0,c1,0.7496375,0.16854984,0.08181271,-0.5001208782196045,0.8203215599060059
284,2,c5,0.06030768,0.1334492,0.8062431,-0.5001208782196045,0.8203215599060059
285,1,c234,0.33851433,0.31858417,0.3429015,-0.5001208782196045,0.8203215599060059
286,2,c5,0.15623355,0.25322336,0.5905431,-0.5001208782196045,0.8203215599060059
287,2,c5,0.14451069,0.24294788,0.61254144,-0.5001208782196045,0.8203215599060059
288,1,c234,0.2873677,0.31428438,0.3983479,-0.5001208782196045,0.8203215599060059
289,1,c234,0.42793453,0.30903438,0.2630311,-0.5001208782196045,0.8203215599060059
290,0,c1,0.73734736,0.175711,0.08694165,-0.5001208782196045,0.8203215599060059
291,2,c5,0.060975194,0.13461888,0.8044059,-0.5001208782196045,0.8203215599060059
292,2,c5,0.13095075,0.22976351,0.63928574,-0.5001208782196045,0.8203215599060059
293,1,c234,0.42488915,0.30961144,0.2654994,-0.5001208782196045,0.8203215599060059
294,0,c1,0.5200088,0.28223702,0.19775414,-0.5001208782196045,0.8203215599060059
295,2,c5,0.10176784,0.19611043,0.70212173,-0.5001208782196045,0.8203215599060059
296,1,c234,0.46465862,0.30005732,0.23528406,-0.5001208782196045,0.8203215599060059
297,2,c5,0.20657372,0.28720105,0.5062252,-0.5001208782196045,0.8203215599060059
298,2,c5,0.20753574,0.2877037,0.50476056,-0.5001208782196045,0.8203215599060059
299,1,c234,0.46672404,0.2995696,0.23370637,-0.5001208782196045,0.8203215599060059
300,1,c234,0.42883128,0.30870515,0.26246357,-0.5001208782196045,0.8203215599060059
301,1,c234,0.31278968,0.3174402,0.3697701,-0.5001208782196045,0.8203215599060059
302,2,c5,0.054298878,0.122657,0.8230441,-0.5001208782196045,0.8203215599060059
303,2,c5,0.12918282,0.22793621,0.642881,-0.5001208782196045,0.8203215599060059
304,0,c1,0.5570021,0.26774228,0.17525558,-0.5001208782196045,0.8203215599060059
305,1,c234,0.29148483,0.31489706,0.3936181,-0.5001208782196045,0.8203215599060059
306,0,c1,0.72389543,0.1837448,0.092359796,-0.5001208782196045,0.8203215599060059
307,2,c5,0.20434195,0.2860157,0.50964236,-0.5001208782196045,0.8203215599060059
308,2,c5,0.042009115,0.0990355,0.8589554,-0.5001208782196045,0.8203215599060059
309,1,c234,0.4777978,0.29627365,0.22592856,-0.5001208782196045,0.8203215599060059
310,2,c5,0.13443458,0.23328972,0.6322757,-0.5001208782196045,0.8203215599060059
311,1,c234,0.2501793,0.30525595,0.44456476,-0.5001208782196045,0.8203215599060059
312,2,c5,0.17823952,0.2699452,0.5518153,-0.5001208782196045,0.8203215599060059
313,0,c1,0.6712551,0.21318401,0.115560874,-0.5001208782196045,0.8203215599060059
314,2,c5,0.1590867,0.25557512,0.5853382,-0.5001208782196045,0.8203215599060059
315,2,c5,0.06717861,0.1452167,0.7876047,-0.5001208782196045,0.8203215599060059
316,0,c1,0.75328517,0.16635734,0.08035747,-0.5001208782196045,0.8203215599060059
317,1,c234,0.26473838,0.30929822,0.4259634,-0.5001208782196045,0.8203215599060059
318,1,c234,0.49688727,0.29022688,0.21288584,-0.5001208782196045,0.8203215599060059
319,2,c5,0.2106039,0.28915197,0.50024414,-0.5001208782196045,0.8203215599060059
320,2,c5,0.10781264,0.2037189,0.68846846,-0.5001208782196045,0.8203215599060059
321,2,c5,0.09739041,0.19057763,0.71203196,-0.5001208782196045,0.8203215599060059
322,0,c1,0.77662295,0.15204509,0.07133201,-0.5001208782196045,0.8203215599060059
323,0,c1,0.5794004,0.25821954,0.16238004,-0.5001208782196045,0.8203215599060059
324,1,c234,0.22850066,0.29747692,0.47402242,-0.5001208782196045,0.8203215599060059
325,2,c5,0.1786691,0.2702403,0.5510906,-0.5001208782196045,0.8203215599060059
326,2,c5,0.14743239,0.24560314,0.60696447,-0.5001208782196045,0.8203215599060059
327,2,c5,0.04867661,0.1121158,0.8392076,-0.5001208782196045,0.8203215599060059
328,1,c234,0.30393833,0.31656832,0.37949336,-0.5001208782196045,0.8203215599060059
329,0,c1,0.53157413,0.27800313,0.19042274,-0.5001208782196045,0.8203215599060059
330,1,c234,0.3330692,0.3185074,0.3484234,-0.5001208782196045,0.8203215599060059
331,1,c234,0.40403706,0.31337094,0.282592,-0.5001208782196045,0.8203215599060059
332,1,c234,0.48681945,0.2935084,0.21967213,-0.5001208782196045,0.8203215599060059
333,2,c5,0.047958076,0.110737145,0.8413048,-0.5001208782196045,0.8203215599060059
334,0,c1,0.66017234,0.21897441,0.12085322,-0.5001208782196045,0.8203215599060059
335,1,c234,0.3593641,0.31810993,0.32252598,-0.5001208782196045,0.8203215599060059
336,1,c234,0.3081903,0.31701902,0.3747907,-0.5001208782196045,0.8203215599060059
337,1,c234,0.4218495,0.31016803,0.26798248,-0.5001208782196045,0.8203215599060059
338,2,c5,0.19590157,0.2811653,0.5229331,-0.5001208782196045,0.8203215599060059
339,1,c234,0.22202462,0.2946928,0.48328257,-0.5001208782196045,0.8203215599060059
340,1,c234,0.4100474,0.3123817,0.27757087,-0.5001208782196045,0.8203215599060059
341,0,c1,0.631367,0.23374313,0.13488984,-0.5001208782196045,0.8203215599060059
342,0,c1,0.59643316,0.2505247,0.15304215,-0.5001208782196045,0.8203215599060059
343,0,c1,0.5979601,0.24975571,0.1522842,-0.5001208782196045,0.8203215599060059
344,2,c5,0.17342818,0.26655978,0.56001204,-0.5001208782196045,0.8203215599060059
345,2,c5,0.042245448,0.09951055,0.858244,-0.5001208782196045,0.8203215599060059
346,1,c234,0.34598863,0.3185517,0.33545968,-0.5001208782196045,0.8203215599060059
347,2,c5,0.06406546,0.1399591,0.79597545,-0.5001208782196045,0.8203215599060059
348,1,c234,0.40756923,0.31279904,0.27963173,-0.5001208782196045,0.8203215599060059
349,2,c5,0.065844715,0.14297885,0.79117644,-0.5001208782196045,0.8203215599060059
350,2,c5,0.10266405,0.1970557,0.70028025,-0.5001208782196045,0.8203215599060059
351,1,c234,0.3918131,0.31508604,0.29310086,-0.5001208782196045,0.8203215599060059
352,2,c5,0.07263672,0.15414691,0.77321637,-0.5001208782196045,0.8203215599060059
353,2,c5,0.11556089,0.21296853,0.6714706,-0.5001208782196045,0.8203215599060059
354,1,c234,0.49414086,0.29116774,0.2146914,-0.5001208782196045,0.8203215599060059
355,0,c1,0.636805,0.23101692,0.13217814,-0.5001208782196045,0.8203215599060059
356,1,c234,0.47913808,0.29578614,0.22507577,-0.5001208782196045,0.8203215599060059
357,0,c1,0.6110339,0.24360828,0.14535783,-0.5001208782196045,0.8203215599060059
358,1,c234,0.3850277,0.31596947,0.29900283,-0.5001208782196045,0.8203215599060059
359,2,c5,0.08151972,0.1677447,0.7507356,-0.5001208782196045,0.8203215599060059
360,2,c5,0.0994702,0.19312507,0.70740473,-0.5001208782196045,0.8203215599060059
361,1,c234,0.41774648,0.3110018,0.2712517,-0.5001208782196045,0.8203215599060059
362,1,c234,0.2674082,0.31020632,0.42238548,-0.5001208782196045,0.8203215599060059
363,1,c234,0.49646002,0.29049045,0.21304953,-0.5001208782196045,0.8203215599060059
364,2,c5,0.120438814,0.21851295,0.66104823,-0.5001208782196045,0.8203215599060059
365,1,c234,0.28447664,0.3137182,0.40180516,-0.5001208782196045,0.8203215599060059
366,2,c5,0.08035743,0.16599458,0.753648,-0.5001208782196045,0.8203215599060059
367,2,c5,0.11951089,0.2174744,0.6630147,-0.5001208782196045,0.8203215599060059
368,1,c234,0.4732312,0.2975788,0.22918998,-0.5001208782196045,0.8203215599060059
369,0,c1,0.6238353,0.23746976,0.13869494,-0.5001208782196045,0.8203215599060059
370,0,c1,0.674265,0.21136647,0.114368536,-0.5001208782196045,0.8203215599060059
371,2,c5,0.1510278,0.24878389,0.6001883,-0.5001208782196045,0.8203215599060059
372,1,c234,0.3845076,0.31608003,0.29941237,-0.5001208782196045,0.8203215599060059
373,2,c5,0.1559763,0.25300843,0.5910153,-0.5001208782196045,0.8203215599060059
374,0,c1,0.54976153,0.27070796,0.17953055,-0.5001208782196045,0.8203215599060059
375,1,c234,0.27561688,0.3119713,0.4124118,-0.5001208782196045,0.8203215599060059
376,2,c5,0.096705794,0.189663,0.7136312,-0.5001208782196045,0.8203215599060059
377,1,c234,0.3451053,0.31856364,0.33633107,-0.5001208782196045,0.8203215599060059
378,1,c234,0.3296075,0.3184135,0.35197902,-0.5001208782196045,0.8203215599060059
379,1,c234,0.4538064,0.30291092,0.24328269,-0.5001208782196045,0.8203215599060059
380,1,c234,0.2368691,0.30053645,0.46259445,-0.5001208782196045,0.8203215599060059
381,0,c1,0.51647353,0.28359437,0.1999321,-0.5001208782196045,0.8203215599060059
382,1,c234,0.34842342,0.31850737,0.3330692,-0.5001208782196045,0.8203215599060059
383,2,c5,0.105763435,0.20117897,0.6930576,-0.5001208782196045,0.8203215599060059
384,2,c5,0.18169838,0.27228957,0.54601204,-0.5001208782196045,0.8203215599060059
385,2,c5,0.07613248,0.15967911,0.7641884,-0.5001208782196045,0.8203215599060059
386,1,c234,0.43146437,0.30814615,0.26038948,-0.5001208782196045,0.8203215599060059
387,1,c234,0.3331777,0.31850976,0.34831256,-0.5001208782196045,0.8203215599060059
388,1,c234,0.4523545,0.3032825,0.244363,-0.5001208782196045,0.8203215599060059
389,2,c5,0.19012183,0.2775746,0.5323036,-0.5001208782196045,0.8203215599060059
390,1,c234,0.22017473,0.29373768,0.4860876,-0.5001208782196045,0.8203215599060059
391,1,c234,0.253861,0.30651194,0.43962705,-0.5001208782196045,0.8203215599060059
392,2,c5,0.08632344,0.17500752,0.73866904,-0.5001208782196045,0.8203215599060059
393,0,c1,0.57856727,0.25852072,0.16291204,-0.5001208782196045,0.8203215599060059
394,2,c5,0.110663176,0.20718646,0.68215036,-0.5001208782196045,0.8203215599060059
395,2,c5,0.16224724,0.25811434,0.5796384,-0.5001208782196045,0.8203215599060059
396,0,c1,0.5910153,0.25300843,0.1559763,-0.5001208782196045,0.8203215599060059
397,1,c234,0.4898085,0.29252154,0.21766995,-0.5001208782196045,0.8203215599060059
398,2,c5,0.19528693,0.28068376,0.5240293,-0.5001208782196045,0.8203215599060059
399,0,c1,0.54359025,0.2732549,0.18315491,-0.5001208782196045,0.8203215599060059
400,1,c234,0.38630033,0.3158214,0.29787827,-0.5001208782196045,0.8203215599060059
401,1,c234,0.30270022,0.3164257,0.38087407,-0.5001208782196045,0.8203215599060059
402,2,c5,0.18594724,0.27506953,0.5389832,-0.5001208782196045,0.8203215599060059
403,2,c5,0.048857808,0.11246246,0.83867973,-0.5001208782196045,0.8203215599060059
404,1,c234,0.49084574,0.29214877,0.21700548,-0.5001208782196045,0.8203215599060059
405,2,c5,0.07055956,0.15079111,0.77864933,-0.5001208782196045,0.8203215599060059
406,0,c1,0.70720255,0.19332726,0.09947021,-0.5001208782196045,0.8203215599060059
407,2,c5,0.10557884,0.20115584,0.6932653,-0.5001208782196045,0.8203215599060059
408,0,c1,0.5136685,0.2845183,0.20181322,-0.5001208782196045,0.8203215599060059
409,0,c1,0.5089102,0.28611213,0.20497774,-0.5001208782196045,0.8203215599060059
410,1,c234,0.34798014,0.31851664,0.33350322,-0.5001208782196045,0.8203215599060059
411,1,c234,0.34114337,0.3185907,0.34026593,-0.5001208782196045,0.8203215599060059
412,1,c234,0.4241138,0.30981505,0.26607114,-0.5001208782196045,0.8203215599060059
413,1,c234,0.22781277,0.29706898,0.47511825,-0.5001208782196045,0.8203215599060059
414,2,c5,0.13614833,0.23498827,0.6288634,-0.5001208782196045,0.8203215599060059
415,0,c1,0.6751224,0.21090418,0.11397347,-0.5001208782196045,0.8203215599060059
416,0,c1,0.52232397,0.2814666,0.19620942,-0.5001208782196045,0.8203215599060059
417,1,c234,0.34643072,0.31854486,0.33502442,-0.5001208782196045,0.8203215599060059
418,2,c5,0.103385985,0.19797605,0.69863796,-0.5001208782196045,0.8203215599060059
419,1,c234,0.24023944,0.3018967,0.45786387,-0.5001208782196045,0.8203215599060059
420,0,c1,0.65885663,0.21966621,0.12147716,-0.5001208782196045,0.8203215599060059
421,1,c234,0.2356357,0.30019143,0.46417287,-0.5001208782196045,0.8203215599060059
422,1,c234,0.25645941,0.30727887,0.4362617,-0.5001208782196045,0.8203215599060059
423,1,c234,0.24041772,0.302082,0.45750028,-0.5001208782196045,0.8203215599060059
424,1,c234,0.34301156,0.31858343,0.338405,-0.5001208782196045,0.8203215599060059
425,0,c1,0.5085441,0.28631902,0.20513691,-0.5001208782196045,0.8203215599060059
426,2,c5,0.042882204,0.100785434,0.85633236,-0.5001208782196045,0.8203215599060059
427,0,c1,0.5109846,0.28546628,0.20354918,-0.5001208782196045,0.8203215599060059
428,2,c5,0.09367806,0.18536389,0.72095805,-0.5001208782196045,0.8203215599060059
429,0,c1,0.57606506,0.25968677,0.16424818,-0.5001208782196045,0.8203215599060059
430,1,c234,0.32896042,0.31839207,0.3526475,-0.5001208782196045,0.8203215599060059
431,1,c234,0.40391946,0.31338954,0.282691,-0.5001208782196045,0.8203215599060059
432,1,c234,0.45429057,0.3027861,0.2429233,-0.5001208782196045,0.8203215599060059
433,1,c234,0.23475736,0.2998551,0.46538752,-0.5001208782196045,0.8203215599060059
434,2,c5,0.11085558,0.20720583,0.6819386,-0.5001208782196045,0.8203215599060059
435,1,c234,0.36398596,0.31784675,0.3181673,-0.5001208782196045,0.8203215599060059
436,1,c234,0.2456274,0.30377147,0.45060113,-0.5001208782196045,0.8203215599060059
437,0,c1,0.5535053,0.2692542,0.17724052,-0.5001208782196045,0.8203215599060059
438,0,c1,0.562537,0.26556933,0.17189364,-0.5001208782196045,0.8203215599060059
439,1,c234,0.3738758,0.3171005,0.3090237,-0.5001208782196045,0.8203215599060059
440,1,c234,0.45962185,0.3013842,0.23899394,-0.5001208782196045,0.8203215599060059
441,2,c5,0.114566445,0.21181232,0.67362124,-0.5001208782196045,0.8203215599060059
442,2,c5,0.18742996,0.27589285,0.5366772,-0.5001208782196045,0.8203215599060059
443,1,c234,0.24400258,0.3033405,0.45265692,-0.5001208782196045,0.8203215599060059
444,1,c234,0.21866935,0.29316926,0.48816139,-0.5001208782196045,0.8203215599060059
445,0,c1,0.55543524,0.26846063,0.17610413,-0.5001208782196045,0.8203215599060059
446,2,c5,0.20181322,0.28439635,0.5137904,-0.5001208782196045,0.8203215599060059
447,0,c1,0.5991334,0.24933729,0.15152934,-0.5001208782196045,0.8203215599060059
448,2,c5,0.14928317,0.24725229,0.60346454,-0.5001208782196045,0.8203215599060059
449,1,c234,0.46465862,0.30005732,0.23528406,-0.5001208782196045,0.8203215599060059
450,1,c234,0.27289563,0.31137553,0.41572884,-0.5001208782196045,0.8203215599060059
451,1,c234,0.44999683,0.30383247,0.24617071,-0.5001208782196045,0.8203215599060059
452,0,c1,0.5079339,0.28645104,0.20561503,-0.5001208782196045,0.8203215599060059
453,2,c5,0.03697759,0.088730395,0.874292,-0.5001208782196045,0.8203215599060059
454,1,c234,0.36931503,0.31747532,0.31320965,-0.5001208782196045,0.8203215599060059
455,1,c234,0.2485342,0.30472973,0.44673607,-0.5001208782196045,0.8203215599060059
456,1,c234,0.30115646,0.3162985,0.38254502,-0.5001208782196045,0.8203215599060059
457,0,c1,0.685318,0.20535718,0.10932483,-0.5001208782196045,0.8203215599060059
458,0,c1,0.61138195,0.24350269,0.14511536,-0.5001208782196045,0.8203215599060059
459,0,c1,0.5949043,0.2512925,0.1538032,-0.5001208782196045,0.8203215599060059
460,2,c5,0.16885692,0.26320648,0.5679366,-0.5001208782196045,0.8203215599060059
461,1,c234,0.24023944,0.3018967,0.45786387,-0.5001208782196045,0.8203215599060059
462,1,c234,0.48505086,0.29410297,0.22084616,-0.5001208782196045,0.8203215599060059
463,1,c234,0.3895465,0.31542674,0.29502675,-0.5001208782196045,0.8203215599060059
464,2,c5,0.07316476,0.15499175,0.7718435,-0.5001208782196045,0.8203215599060059
465,1,c234,0.27639753,0.31213695,0.41146553,-0.5001208782196045,0.8203215599060059
466,1,c234,0.27125168,0.31106123,0.4176871,-0.5001208782196045,0.8203215599060059
467,1,c234,0.30517942,0.316706,0.37811458,-0.5001208782196045,0.8203215599060059
468,2,c5,0.20402455,0.28572297,0.5102525,-0.5001208782196045,0.8203215599060059
469,1,c234,0.2643584,0.30943945,0.42620215,-0.5001208782196045,0.8203215599060059
470,2,c5,0.11961365,0.21758986,0.6627965,-0.5001208782196045,0.8203215599060059
471,1,c234,0.3945508,0.31477046,0.29067874,-0.5001208782196045,0.8203215599060059
472,1,c234,0.40010458,0.31392562,0.2859698,-0.5001208782196045,0.8203215599060059
473,2,c5,0.18242556,0.27277303,0.5448014,-0.5001208782196045,0.8203215599060059
474,1,c234,0.49865723,0.28960013,0.21174264,-0.5001208782196045,0.8203215599060059
475,1,c234,0.39711976,0.31441137,0.28846887,-0.5001208782196045,0.8203215599060059
476,1,c234,0.3069424,0.3168929,0.3761647,-0.5001208782196045,0.8203215599060059
477,1,c234,0.27444857,0.31171897,0.41383246,-0.5001208782196045,0.8203215599060059
478,0,c1,0.5119606,0.28512275,0.20291664,-0.5001208782196045,0.8203215599060059
479,0,c1,0.52585584,0.28008202,0.19406214,-0.5001208782196045,0.8203215599060059
480,0,c1,0.63522243,0.23181333,0.13296424,-0.5001208782196045,0.8203215599060059
481,2,c5,0.20979333,0.28874183,0.50146484,-0.5001208782196045,0.8203215599060059
482,2,c5,0.18388659,0.2736137,0.5424997,-0.5001208782196045,0.8203215599060059
483,2,c5,0.19436783,0.28026336,0.5253688,-0.5001208782196045,0.8203215599060059
484,1,c234,0.2271263,0.29690304,0.47597066,-0.5001208782196045,0.8203215599060059
485,0,c1,0.67082393,0.21321532,0.115960725,-0.5001208782196045,0.8203215599060059
486,1,c234,0.34587812,0.31855333,0.33556855,-0.5001208782196045,0.8203215599060059
487,0,c1,0.7132319,0.18972054,0.09704756,-0.5001208782196045,0.8203215599060059
488,1,c234,0.4492718,0.30419487,0.24653335,-0.5001208782196045,0.8203215599060059
489,0,c1,0.56949353,0.26247025,0.16803622,-0.5001208782196045,0.8203215599060059
490,1,c234,0.2670257,0.3101122,0.42286208,-0.5001208782196045,0.8203215599060059
491,1,c234,0.36240488,0.31794304,0.31965208,-0.5001208782196045,0.8203215599060059
492,2,c5,0.18817478,0.27648383,0.5353414,-0.5001208782196045,0.8203215599060059
493,2,c5,0.12765265,0.22633368,0.6460137,-0.5001208782196045,0.8203215599060059
494,0,c1,0.5664982,0.2638209,0.16968088,-0.5001208782196045,0.8203215599060059
495,2,c5,0.12581533,0.22438383,0.64980084,-0.5001208782196045,0.8203215599060059
496,1,c234,0.23475736,0.29973364,0.465509,-0.5001208782196045,0.8203215599060059
497,1,c234,0.3580163,0.31817606,0.32380763,-0.5001208782196045,0.8203215599060059
498,1,c234,0.23109329,0.2984134,0.47049332,-0.5001208782196045,0.8203215599060059
499,1,c234,0.24798739,0.30467305,0.44733956,-0.5001208782196045,0.8203215599060059
500,0,c1,0.5525397,0.26964945,0.17781086,-0.5001208782196045,0.8203215599060059
501,1,c234,0.23775291,0.30098766,0.46125942,-0.5001208782196045,0.8203215599060059
502,1,c234,0.38191086,0.31631574,0.3017734,-0.5001208782196045,0.8203215599060059
503,0,c1,0.77560484,0.15267405,0.07172112,-0.5001208782196045,0.8203215599060059
504,1,c234,0.2643584,0.30943945,0.42620215,-0.5001208782196045,0.8203215599060059
505,1,c234,0.45683378,0.30221307,0.24095316,-0.5001208782196045,0.8203215599060059
506,2,c5,0.06841296,0.147268,0.78431904,-0.5001208782196045,0.8203215599060059
507,0,c1,0.6374823,0.23067528,0.13184243,-0.5001208782196045,0.8203215599060059
508,1,c234,0.37891865,0.31662622,0.30445513,-0.5001208782196045,0.8203215599060059
509,0,c1,0.61254144,0.24294788,0.14451066,-0.5001208782196045,0.8203215599060059
510,2,c5,0.16198194,0.25790387,0.5801142,-0.5001208782196045,0.8203215599060059
511,0,c1,0.5336405,0.27713823,0.18922126,-0.5001208782196045,0.8203215599060059
512,1,c234,0.41952908,0.3106646,0.26980633,-0.5001208782196045,0.8203215599060059
513,0,c1,0.7090192,0.19220826,0.098772585,-0.5001208782196045,0.8203215599060059
514,2,c5,0.13273925,0.23158586,0.6356749,-0.5001208782196045,0.8203215599060059
515,2,c5,0.12347126,0.22185475,0.654674,-0.5001208782196045,0.8203215599060059
516,1,c234,0.39565945,0.31456706,0.2897735,-0.5001208782196045,0.8203215599060059
517,2,c5,0.17652959,0.2687587,0.5547117,-0.5001208782196045,0.8203215599060059
518,2,c5,0.1677633,0.26238406,0.56985265,-0.5001208782196045,0.8203215599060059
519,0,c1,0.7108291,0.1910916,0.09807933,-0.5001208782196045,0.8203215599060059
520,1,c234,0.47962552,0.2956392,0.22473529,-0.5001208782196045,0.8203215599060059
521,1,c234,0.21800274,0.2928598,0.48913747,-0.5001208782196045,0.8203215599060059
522,1,c234,0.38687927,0.3157528,0.29736793,-0.5001208782196045,0.8203215599060059
523,0,c1,0.5764228,0.25959694,0.16398026,-0.5001208782196045,0.8203215599060059
524,0,c1,0.58664125,0.25492415,0.1584346,-0.5001208782196045,0.8203215599060059
525,0,c1,0.5357057,0.27626866,0.18802562,-0.5001208782196045,0.8203215599060059
526,1,c234,0.43860483,0.30660817,0.254787,-0.5001208782196045,0.8203215599060059
527,2,c5,0.19713515,0.2818811,0.52098376,-0.5001208782196045,0.8203215599060059
528,1,c234,0.282592,0.31331214,0.40409586,-0.5001208782196045,0.8203215599060059
529,1,c234,0.41383243,0.31171897,0.2744486,-0.5001208782196045,0.8203215599060059
530,1,c234,0.30362856,0.31653306,0.37983838,-0.5001208782196045,0.8203215599060059
531,1,c234,0.3771965,0.3167952,0.3060083,-0.5001208782196045,0.8203215599060059
532,2,c5,0.1379965,0.23679423,0.6252093,-0.5001208782196045,0.8203215599060059
533,1,c234,0.44113123,0.306116,0.25275275,-0.5001208782196045,0.8203215599060059
534,2,c5,0.20134175,0.28425795,0.5144003,-0.5001208782196045,0.8203215599060059
535,1,c234,0.2254166,0.2960546,0.4785288,-0.5001208782196045,0.8203215599060059
536,0,c1,0.5192776,0.28250307,0.19821933,-0.5001208782196045,0.8203215599060059
537,1,c234,0.4647801,0.30011153,0.23510839,-0.5001208782196045,0.8203215599060059
538,1,c234,0.3974706,0.3143611,0.2881683,-0.5001208782196045,0.8203215599060059
539,0,c1,0.6911848,0.20212463,0.10669061,-0.5001208782196045,0.8203215599060059
540,2,c5,0.18683577,0.27575868,0.53740555,-0.5001208782196045,0.8203215599060059
541,0,c1,0.5941981,0.25148964,0.15431228,-0.5001208782196045,0.8203215599060059
542,2,c5,0.041152894,0.097308874,0.86153823,-0.5001208782196045,0.8203215599060059
543,2,c5,0.19837457,0.2825917,0.51903373,-0.5001208782196045,0.8203215599060059
544,0,c1,0.5051268,0.28749806,0.20737518,-0.5001208782196045,0.8203215599060059
545,1,c234,0.33851433,0.31858417,0.3429015,-0.5001208782196045,0.8203215599060059
546,2,c5,0.13649327,0.23532736,0.6281794,-0.5001208782196045,0.8203215599060059
547,1,c234,0.3711366,0.31733182,0.31153157,-0.5001208782196045,0.8203215599060059
548,2,c5,0.15947902,0.255894,0.584627,-0.5001208782196045,0.8203215599060059
549,2,c5,0.09551805,0.18786657,0.7166154,-0.5001208782196045,0.8203215599060059
550,2,c5,0.07978201,0.16530299,0.754915,-0.5001208782196045,0.8203215599060059
551,1,c234,0.28776783,0.31435227,0.3978799,-0.5001208782196045,0.8203215599060059
552,2,c5,0.1510278,0.24878389,0.6001883,-0.5001208782196045,0.8203215599060059
553,1,c234,0.22034252,0.29369187,0.4859656,-0.5001208782196045,0.8203215599060059
554,1,c234,0.23988312,0.30176818,0.4583487,-0.5001208782196045,0.8203215599060059
555,1,c234,0.26922953,0.31052783,0.42024264,-0.5001208782196045,0.8203215599060059
556,2,c5,0.19559407,0.28110737,0.52329856,-0.5001208782196045,0.8203215599060059
557,1,c234,0.35790408,0.3181814,0.32391453,-0.5001208782196045,0.8203215599060059
558,2,c5,0.15804434,0.25472254,0.5872331,-0.5001208782196045,0.8203215599060059
559,1,c234,0.39893317,0.31419885,0.28686798,-0.5001208782196045,0.8203215599060059
560,2,c5,0.102484226,0.19703054,0.7004852,-0.5001208782196045,0.8203215599060059
561,0,c1,0.65643805,0.2209337,0.12262825,-0.5001208782196045,0.8203215599060059
562,2,c5,0.035012662,0.084600985,0.88038635,-0.5001208782196045,0.8203215599060059
563,2,c5,0.19436783,0.2801416,0.5254906,-0.5001208782196045,0.8203215599060059
564,1,c234,0.282592,0.31342974,0.40397826,-0.5001208782196045,0.8203215599060059
565,1,c234,0.3784017,0.31672943,0.30486888,-0.5001208782196045,0.8203215599060059
566,2,c5,0.18713266,0.27594733,0.53692,-0.5001208782196045,0.8203215599060059
567,2,c5,0.12613785,0.22472823,0.6491339,-0.5001208782196045,0.8203215599060059
568,1,c234,0.2811095,0.31308857,0.40580192,-0.5001208782196045,0.8203215599060059
569,2,c5,0.14584374,0.24416733,0.6099889,-0.5001208782196045,0.8203215599060059
570,1,c234,0.26133096,0.30864137,0.43002766,-0.5001208782196045,0.8203215599060059
571,2,c5,0.090735495,0.18109572,0.7281688,-0.5001208782196045,0.8203215599060059
572,2,c5,0.13375431,0.23260868,0.633637,-0.5001208782196045,0.8203215599060059
573,1,c234,0.42226636,0.3101341,0.26759952,-0.5001208782196045,0.8203215599060059
574,2,c5,0.1896711,0.27741754,0.53291136,-0.5001208782196045,0.8203215599060059
575,1,c234,0.29411358,0.31529438,0.39059204,-0.5001208782196045,0.8203215599060059
576,1,c234,0.42793453,0.30903438,0.2630311,-0.5001208782196045,0.8203215599060059
577,1,c234,0.2516477,0.30559534,0.44275695,-0.5001208782196045,0.8203215599060059
578,1,c234,0.23353153,0.2993798,0.46708867,-0.5001208782196045,0.8203215599060059
579,1,c234,0.49469012,0.29094756,0.21436232,-0.5001208782196045,0.8203215599060059
580,2,c5,0.1529156,0.25041622,0.5966682,-0.5001208782196045,0.8203215599060059
581,2,c5,0.20882356,0.28836882,0.5028076,-0.5001208782196045,0.8203215599060059
582,0,c1,0.5696133,0.26248702,0.16789976,-0.5001208782196045,0.8203215599060059
583,0,c1,0.74871993,0.16902612,0.08225395,-0.5001208782196045,0.8203215599060059
584,1,c234,0.24944729,0.30490258,0.44565013,-0.5001208782196045,0.8203215599060059
585,2,c5,0.06693417,0.14480847,0.78825736,-0.5001208782196045,0.8203215599060059
586,1,c234,0.44999683,0.30383247,0.24617071,-0.5001208782196045,0.8203215599060059
587,1,c234,0.33600414,0.31855947,0.3454364,-0.5001208782196045,0.8203215599060059
588,0,c1,0.66823107,0.21460146,0.11716747,-0.5001208782196045,0.8203215599060059
589,2,c5,0.13173074,0.23056132,0.63770795,-0.5001208782196045,0.8203215599060059
590,2,c5,0.11961365,0.21758986,0.6627965,-0.5001208782196045,0.8203215599060059
591,2,c5,0.19467378,0.28032267,0.52500355,-0.5001208782196045,0.8203215599060059
592,1,c234,0.47852886,0.29605454,0.22541662,-0.5001208782196045,0.8203215599060059
593,2,c5,0.19436783,0.2801416,0.5254906,-0.5001208782196045,0.8203215599060059
594,2,c5,0.12147713,0.21966624,0.65885663,-0.5001208782196045,0.8203215599060059
595,2,c5,0.07043165,0.15058255,0.7789858,-0.5001208782196045,0.8203215599060059
596,0,c1,0.52634275,0.27990037,0.19375686,-0.5001208782196045,0.8203215599060059
597,1,c234,0.33785862,0.31857944,0.34356195,-0.5001208782196045,0.8203215599060059
598,2,c5,0.06979489,0.14954263,0.7806625,-0.5001208782196045,0.8203215599060059
599,2,c5,0.17147702,0.265145,0.563378,-0.5001208782196045,0.8203215599060059
600,0,c1,0.7090192,0.19220826,0.098772585,-0.5001208782196045,0.8203215599060059
601,2,c5,0.08151972,0.16792756,0.7505527,-0.5001208782196045,0.8203215599060059
602,2,c5,0.16572809,0.26083237,0.57343954,-0.5001208782196045,0.8203215599060059
603,1,c234,0.41721213,0.31114992,0.27163795,-0.5001208782196045,0.8203215599060059
604,0,c1,0.66475797,0.2164486,0.1187934,-0.5001208782196045,0.8203215599060059
605,1,c234,0.32199275,0.31808084,0.3599264,-0.5001208782196045,0.8203215599060059
606,2,c5,0.13998312,0.2387057,0.6213112,-0.5001208782196045,0.8203215599060059
607,0,c1,0.5145223,0.28429297,0.20118472,-0.5001208782196045,0.8203215599060059
608,2,c5,0.05146277,0.11739415,0.8311431,-0.5001208782196045,0.8203215599060059
609,0,c1,0.61508787,0.24172443,0.1431877,-0.5001208782196045,0.8203215599060059
610,2,c5,0.09041375,0.18083793,0.7287483,-0.5001208782196045,0.8203215599060059
611,0,c1,0.5856937,0.25535017,0.15895613,-0.5001208782196045,0.8203215599060059
612,0,c1,0.52682966,0.2797184,0.19345194,-0.5001208782196045,0.8203215599060059
613,1,c234,0.43614167,0.30721268,0.25664565,-0.5001208782196045,0.8203215599060059
614,0,c1,0.54274213,0.27366424,0.18359363,-0.5001208782196045,0.8203215599060059
615,2,c5,0.17245042,0.26585388,0.5616957,-0.5001208782196045,0.8203215599060059
616,2,c5,0.10594833,0.2016176,0.6924341,-0.5001208782196045,0.8203215599060059
617,2,c5,0.17553812,0.2680623,0.5563996,-0.5001208782196045,0.8203215599060059
618,1,c234,0.44281715,0.30571902,0.25146383,-0.5001208782196045,0.8203215599060059
619,0,c1,0.76348376,0.16010854,0.076407686,-0.5001208782196045,0.8203215599060059
620,1,c234,0.3593641,0.31810993,0.32252598,-0.5001208782196045,0.8203215599060059
621,2,c5,0.13229018,0.23113072,0.6365791,-0.5001208782196045,0.8203215599060059
622,2,c5,0.20625383,0.28691065,0.5068355,-0.5001208782196045,0.8203215599060059
623,0,c1,0.5642185,0.26472026,0.17106119,-0.5001208782196045,0.8203215599060059
624,2,c5,0.15610486,0.25311595,0.5907792,-0.5001208782196045,0.8203215599060059
625,1,c234,0.24653333,0.3041948,0.44927186,-0.5001208782196045,0.8203215599060059
626,1,c234,0.23353153,0.2993798,0.46708867,-0.5001208782196045,0.8203215599060059
627,2,c5,0.20995528,0.28882402,0.5012207,-0.5001208782196045,0.8203215599060059
628,1,c234,0.23022676,0.2979416,0.47183165,-0.5001208782196045,0.8203215599060059
629,1,c234,0.22253108,0.29479596,0.48267296,-0.5001208782196045,0.8203215599060059
630,1,c234,0.36139005,0.3180014,0.32060856,-0.5001208782196045,0.8203215599060059
631,2,c5,0.09318167,0.18468302,0.7221353,-0.5001208782196045,0.8203215599060059
632,2,c5,0.11436856,0.21136642,0.674265,-0.5001208782196045,0.8203215599060059
633,0,c1,0.7272012,0.1817405,0.091058284,-0.5001208782196045,0.8203215599060059
634,1,c234,0.22185606,0.29449552,0.48364842,-0.5001208782196045,0.8203215599060059
635,0,c1,0.80115914,0.13673775,0.062103126,-0.5001208782196045,0.8203215599060059
636,0,c1,0.50024414,0.28915197,0.21060391,-0.5001208782196045,0.8203215599060059
637,2,c5,0.13240236,0.2312445,0.63635314,-0.5001208782196045,0.8203215599060059
638,1,c234,0.30652708,0.3168498,0.37662312,-0.5001208782196045,0.8203215599060059
639,0,c1,0.6399611,0.22942114,0.13061774,-0.5001208782196045,0.8203215599060059
640,2,c5,0.20785719,0.2877484,0.5043944,-0.5001208782196045,0.8203215599060059
641,2,c5,0.1297332,0.22850758,0.6417592,-0.5001208782196045,0.8203215599060059
642,0,c1,0.66301465,0.21747446,0.11951086,-0.5001208782196045,0.8203215599060059
643,1,c234,0.4687906,0.29889926,0.23231015,-0.5001208782196045,0.8203215599060059
644,1,c234,0.22592854,0.29627365,0.4777978,-0.5001208782196045,0.8203215599060059
645,1,c234,0.46089548,0.30117464,0.23792988,-0.5001208782196045,0.8203215599060059
646,2,c5,0.093844,0.18559104,0.72056496,-0.5001208782196045,0.8203215599060059
647,2,c5,0.19132769,0.27855742,0.5301149,-0.5001208782196045,0.8203215599060059
648,1,c234,0.3238076,0.31817612,0.35801628,-0.5001208782196045,0.8203215599060059
649,1,c234,0.43164408,0.3081545,0.26020142,-0.5001208782196045,0.8203215599060059
650,2,c5,0.16357905,0.25916386,0.5772571,-0.5001208782196045,0.8203215599060059
651,1,c234,0.40863067,0.31262195,0.27874738,-0.5001208782196045,0.8203215599060059
652,1,c234,0.32680833,0.31831157,0.3548801,-0.5001208782196045,0.8203215599060059
653,2,c5,0.053403318,0.121006966,0.8255897,-0.5001208782196045,0.8203215599060059
654,2,c5,0.072243035,0.1535148,0.77424216,-0.5001208782196045,0.8203215599060059
655,2,c5,0.04038906,0.09575927,0.86385167,-0.5001208782196045,0.8203215599060059
656,1,c234,0.34422296,0.3185735,0.33720353,-0.5001208782196045,0.8203215599060059
657,1,c234,0.3412531,0.31859058,0.34015632,-0.5001208782196045,0.8203215599060059
658,1,c234,0.38185328,0.3162704,0.3018763,-0.5001208782196045,0.8203215599060059
659,2,c5,0.071202755,0.15183568,0.77696157,-0.5001208782196045,0.8203215599060059
660,2,c5,0.18198901,0.2724831,0.5455279,-0.5001208782196045,0.8203215599060059
661,2,c5,0.026006818,0.06488997,0.9091032,-0.5001208782196045,0.8203215599060059
662,2,c5,0.06779313,0.14624041,0.78596646,-0.5001208782196045,0.8203215599060059
663,1,c234,0.34202188,0.31858855,0.33938956,-0.5001208782196045,0.8203215599060059
664,2,c5,0.1522842,0.2498731,0.5978427,-0.5001208782196045,0.8203215599060059
665,1,c234,0.258326,0.30769256,0.43398145,-0.5001208782196045,0.8203215599060059
666,2,c5,0.1510278,0.24878389,0.6001883,-0.5001208782196045,0.8203215599060059
667,1,c234,0.21076632,0.28935573,0.49987796,-0.5001208782196045,0.8203215599060059
668,2,c5,0.16171706,0.25769305,0.5805899,-0.5001208782196045,0.8203215599060059
669,1,c234,0.46921623,0.29882175,0.23196201,-0.5001208782196045,0.8203215599060059
670,1,c234,0.3856638,0.31594706,0.29838914,-0.5001208782196045,0.8203215599060059
671,2,c5,0.19682622,0.28170264,0.52147114,-0.5001208782196045,0.8203215599060059
672,2,c5,0.043123424,0.1012665,0.8556101,-0.5001208782196045,0.8203215599060059
673,2,c5,0.06441766,0.14056009,0.79502225,-0.5001208782196045,0.8203215599060059
674,0,c1,0.60614884,0.24605016,0.14780103,-0.5001208782196045,0.8203215599060059
675,1,c234,0.44095063,0.3061121,0.25293726,-0.5001208782196045,0.8203215599060059
676,0,c1,0.50244135,0.2884122,0.20914644,-0.5001208782196045,0.8203215599060059
677,2,c5,0.099120855,0.19266659,0.70821255,-0.5001208782196045,0.8203215599060059
678,0,c1,0.699049,0.19792658,0.10302442,-0.5001208782196045,0.8203215599060059
679,0,c1,0.5518153,0.2699452,0.17823957,-0.5001208782196045,0.8203215599060059
680,2,c5,0.20914644,0.28829014,0.5025634,-0.5001208782196045,0.8203215599060059
681,1,c234,0.44884902,0.30425465,0.24689633,-0.5001208782196045,0.8203215599060059
682,1,c234,0.4162627,0.31132582,0.2724115,-0.5001208782196045,0.8203215599060059
683,2,c5,0.08329189,0.17038417,0.74632394,-0.5001208782196045,0.8203215599060059
684,1,c234,0.32573497,0.31826627,0.35599875,-0.5001208782196045,0.8203215599060059
685,2,c5,0.16304529,0.25874472,0.57821,-0.5001208782196045,0.8203215599060059
686,1,c234,0.3276683,0.3183454,0.3539863,-0.5001208782196045,0.8203215599060059
687,1,c234,0.46465862,0.30005732,0.23528406,-0.5001208782196045,0.8203215599060059
688,0,c1,0.6027633,0.2475811,0.14965561,-0.5001208782196045,0.8203215599060059
689,2,c5,0.18126315,0.2719987,0.54673815,-0.5001208782196045,0.8203215599060059
690,1,c234,0.29198927,0.31503344,0.3929773,-0.5001208782196045,0.8203215599060059
691,1,c234,0.284576,0.31367752,0.40174648,-0.5001208782196045,0.8203215599060059
692,0,c1,0.5867597,0.25493592,0.15830442,-0.5001208782196045,0.8203215599060059
693,0,c1,0.5286551,0.279109,0.19223589,-0.5001208782196045,0.8203215599060059
694,2,c5,0.06108713,0.13481444,0.8040984,-0.5001208782196045,0.8203215599060059
695,1,c234,0.45429057,0.3027861,0.2429233,-0.5001208782196045,0.8203215599060059
696,1,c234,0.33807713,0.31858113,0.34334174,-0.5001208782196045,0.8203215599060059
697,1,c234,0.48224622,0.29488456,0.22286923,-0.5001208782196045,0.8203215599060059
698,1,c234,0.24889916,0.30484748,0.44625336,-0.5001208782196045,0.8203215599060059
699,0,c1,0.6110339,0.24360828,0.14535783,-0.5001208782196045,0.8203215599060059
700,1,c234,0.43146437,0.3083342,0.26020142,-0.5001208782196045,0.8203215599060059
701,0,c1,0.71701187,0.18763867,0.09534947,-0.5001208782196045,0.8203215599060059
702,0,c1,0.6215409,0.23859344,0.13986565,-0.5001208782196045,0.8203215599060059
703,0,c1,0.66366893,0.21712816,0.11920292,-0.5001208782196045,0.8203215599060059
704,0,c1,0.55459106,0.26873732,0.17667161,-0.5001208782196045,0.8203215599060059
705,2,c5,0.13788033,0.23668158,0.6254381,-0.5001208782196045,0.8203215599060059
706,2,c5,0.09790671,0.19106352,0.71102977,-0.5001208782196045,0.8203215599060059
707,1,c234,0.47822422,0.2961886,0.22558717,-0.5001208782196045,0.8203215599060059
708,0,c1,0.5281683,0.2792923,0.19253936,-0.5001208782196045,0.8203215599060059
709,2,c5,0.19482702,0.28053474,0.52463824,-0.5001208782196045,0.8203215599060059
710,2,c5,0.13352823,0.23238146,0.6340903,-0.5001208782196045,0.8203215599060059
711,1,c234,0.29655236,0.31564137,0.38780627,-0.5001208782196045,0.8203215599060059
712,1,c234,0.2873677,0.31416732,0.39846498,-0.5001208782196045,0.8203215599060059
713,1,c234,0.2719279,0.31115678,0.41691533,-0.5001208782196045,0.8203215599060059
714,1,c234,0.30517942,0.316706,0.37811458,-0.5001208782196045,0.8203215599060059
715,2,c5,0.03978777,0.094533324,0.8656789,-0.5001208782196045,0.8203215599060059
716,2,c5,0.10932481,0.2053572,0.685318,-0.5001208782196045,0.8203215599060059
717,2,c5,0.16505408,0.26031238,0.57463354,-0.5001208782196045,0.8203215599060059
718,1,c234,0.32637876,0.31829387,0.35532737,-0.5001208782196045,0.8203215599060059
719,2,c5,0.19238758,0.27907902,0.5285334,-0.5001208782196045,0.8203215599060059
720,2,c5,0.0769608,0.16114622,0.761893,-0.5001208782196045,0.8203215599060059
721,2,c5,0.17300862,0.26625758,0.5607338,-0.5001208782196045,0.8203215599060059
722,1,c234,0.4038607,0.3134483,0.282691,-0.5001208782196045,0.8203215599060059
723,0,c1,0.62360615,0.23758225,0.13881166,-0.5001208782196045,0.8203215599060059
724,2,c5,0.06512749,0.14176655,0.79310596,-0.5001208782196045,0.8203215599060059
725,1,c234,0.4613201,0.30092704,0.23775287,-0.5001208782196045,0.8203215599060059
726,0,c1,0.60323083,0.24736193,0.14940724,-0.5001208782196045,0.8203215599060059
727,0,c1,0.6614857,0.21828225,0.120232075,-0.5001208782196045,0.8203215599060059
728,1,c234,0.31174105,0.31735024,0.3709087,-0.5001208782196045,0.8203215599060059
729,1,c234,0.2447238,0.30334508,0.45193112,-0.5001208782196045,0.8203215599060059
730,1,c234,0.39420098,0.31481817,0.29098085,-0.5001208782196045,0.8203215599060059
731,1,c234,0.3832373,0.3161198,0.3006429,-0.5001208782196045,0.8203215599060059
732,2,c5,0.0985989,0.19197917,0.70942193,-0.5001208782196045,0.8203215599060059
733,1,c234,0.43950677,0.3064472,0.25404602,-0.5001208782196045,0.8203215599060059
734,1,c234,0.42608273,0.30936897,0.2645483,-0.5001208782196045,0.8203215599060059
735,2,c5,0.15623355,0.25322336,0.5905431,-0.5001208782196045,0.8203215599060059
736,1,c234,0.21469146,0.2912897,0.49401885,-0.5001208782196045,0.8203215599060059
737,1,c234,0.37788492,0.31672856,0.3053865,-0.5001208782196045,0.8203215599060059
738,0,c1,0.6103374,0.24406202,0.14560063,-0.5001208782196045,0.8203215599060059
739,1,c234,0.26980633,0.31066465,0.41952902,-0.5001208782196045,0.8203215599060059
740,1,c234,0.46338356,0.3004527,0.23616375,-0.5001208782196045,0.8203215599060059
741,1,c234,0.44679642,0.30466938,0.2485342,-0.5001208782196045,0.8203215599060059
742,2,c5,0.11047119,0.20695508,0.68257374,-0.5001208782196045,0.8203215599060059
743,1,c234,0.31763786,0.31781086,0.36455128,-0.5001208782196045,0.8203215599060059
744,2,c5,0.15934819,0.25578773,0.5848641,-0.5001208782196045,0.8203215599060059
745,2,c5,0.08787644,0.17743254,0.734691,-0.5001208782196045,0.8203215599060059
746,0,c1,0.51793665,0.28306687,0.1989965,-0.5001208782196045,0.8203215599060059
747,2,c5,0.14694208,0.24516195,0.607896,-0.5001208782196045,0.8203215599060059
748,2,c5,0.20914644,0.28853422,0.50231934,-0.5001208782196045,0.8203215599060059
749,0,c1,0.5594104,0.26674113,0.17384854,-0.5001208782196045,0.8203215599060059
750,2,c5,0.14487326,0.24328083,0.6118459,-0.5001208782196045,0.8203215599060059
751,1,c234,0.41454333,0.31159106,0.2738656,-0.5001208782196045,0.8203215599060059
752,0,c1,0.5278033,0.2793535,0.19284318,-0.5001208782196045,0.8203215599060059
753,0,c1,0.5890074,0.2538558,0.15713686,-0.5001208782196045,0.8203215599060059
754,1,c234,0.33873302,0.31858546,0.34268153,-0.5001208782196045,0.8203215599060059
755,1,c234,0.37490517,0.31700867,0.30808616,-0.5001208782196045,0.8203215599060059
756,2,c5,0.15241027,0.24998188,0.59760785,-0.5001208782196045,0.8203215599060059
757,1,c234,0.32018328,0.31797576,0.36184096,-0.5001208782196045,0.8203215599060059
758,2,c5,0.15354913,0.25095832,0.59549254,-0.5001208782196045,0.8203215599060059
759,2,c5,0.15520644,0.2523628,0.5924308,-0.5001208782196045,0.8203215599060059
760,0,c1,0.7006901,0.19700524,0.10230472,-0.5001208782196045,0.8203215599060059
761,1,c234,0.41205686,0.31203368,0.27590945,-0.5001208782196045,0.8203215599060059
762,2,c5,0.13881171,0.23758215,0.62360615,-0.5001208782196045,0.8203215599060059
763,0,c1,0.55193603,0.26996738,0.17809659,-0.5001208782196045,0.8203215599060059
764,1,c234,0.39408433,0.31483403,0.29108164,-0.5001208782196045,0.8203215599060059
765,0,c1,0.50573707,0.2873689,0.20689404,-0.5001208782196045,0.8203215599060059
766,0,c1,0.5696133,0.26248702,0.16789976,-0.5001208782196045,0.8203215599060059
767,1,c234,0.3745619,0.3170396,0.3083985,-0.5001208782196045,0.8203215599060059
768,2,c5,0.20979333,0.2888639,0.5013428,-0.5001208782196045,0.8203215599060059
769,2,c5,0.13341522,0.23226792,0.63431686,-0.5001208782196045,0.8203215599060059
770,1,c234,0.21469146,0.2912897,0.49401885,-0.5001208782196045,0.8203215599060059
771,1,c234,0.4645372,0.300003,0.2354598,-0.5001208782196045,0.8203215599060059
772,2,c5,0.19528693,0.28068376,0.5240293,-0.5001208782196045,0.8203215599060059
773,1,c234,0.49084574,0.29214877,0.21700548,-0.5001208782196045,0.8203215599060059
774,1,c234,0.31721473,0.3177814,0.36500388,-0.5001208782196045,0.8203215599060059
775,0,c1,0.5097644,0.28589374,0.2043419,-0.5001208782196045,0.8203215599060059
776,2,c5,0.14560068,0.24394584,0.6104535,-0.5001208782196045,0.8203215599060059
777,0,c1,0.7037531,0.195191,0.10105592,-0.5001208782196045,0.8203215599060059
778,1,c234,0.26057762,0.3081975,0.43122488,-0.5001208782196045,0.8203215599060059
779,1,c234,0.2810108,0.3130107,0.4059785,-0.5001208782196045,0.8203215599060059
780,0,c1,0.685318,0.20535718,0.10932483,-0.5001208782196045,0.8203215599060059
781,0,c1,0.7520126,0.16705072,0.08093671,-0.5001208782196045,0.8203215599060059
782,2,c5,0.12549347,0.22403926,0.6504673,-0.5001208782196045,0.8203215599060059
783,1,c234,0.25608712,0.30693045,0.43698242,-0.5001208782196045,0.8203215599060059
784,2,c5,0.08601594,0.17456168,0.7394224,-0.5001208782196045,0.8203215599060059
785,0,c1,0.54201496,0.2738052,0.18417984,-0.5001208782196045,0.8203215599060059
786,1,c234,0.21304953,0.29049042,0.49646005,-0.5001208782196045,0.8203215599060059
787,1,c234,0.3113222,0.31731322,0.37136456,-0.5001208782196045,0.8203215599060059
788,2,c5,0.19012183,0.2775746,0.5323036,-0.5001208782196045,0.8203215599060059
789,2,c5,0.16599834,0.2610399,0.57296175,-0.5001208782196045,0.8203215599060059
790,1,c234,0.39123148,0.31516156,0.29360697,-0.5001208782196045,0.8203215599060059
791,0,c1,0.6437773,0.22747864,0.12874405,-0.5001208782196045,0.8203215599060059
792,0,c1,0.68909645,0.2034661,0.10743748,-0.5001208782196045,0.8203215599060059
793,1,c234,0.4204806,0.31048197,0.26903743,-0.5001208782196045,0.8203215599060059
794,1,c234,0.4965821,0.29036838,0.21304953,-0.5001208782196045,0.8203215599060059
795,0,c1,0.61022127,0.2440566,0.14572217,-0.5001208782196045,0.8203215599060059
796,0,c1,0.5333975,0.27723137,0.18937114,-0.5001208782196045,0.8203215599060059
797,1,c234,0.46465862,0.30005732,0.23528406,-0.5001208782196045,0.8203215599060059
798,0,c1,0.61242557,0.24294297,0.14463143,-0.5001208782196045,0.8203215599060059
799,2,c5,0.20497775,0.28611207,0.5089102,-0.5001208782196045,0.8203215599060059
800,2,c5,0.09704757,0.19012016,0.7128323,-0.5001208782196045,0.8203215599060059
801,2,c5,0.12506539,0.2235797,0.6513549,-0.5001208782196045,0.8203215599060059
802,1,c234,0.27845293,0.31256235,0.40898472,-0.5001208782196045,0.8203215599060059
803,2,c5,0.17795366,0.2697481,0.55229825,-0.5001208782196045,0.8203215599060059
804,0,c1,0.52171487,0.28161332,0.19667187,-0.5001208782196045,0.8203215599060059
805,2,c5,0.052134275,0.11865014,0.8292156,-0.5001208782196045,0.8203215599060059
806,2,c5,0.12841582,0.2271353,0.6444489,-0.5001208782196045,0.8203215599060059
807,0,c1,0.6329566,0.23294926,0.13409412,-0.5001208782196045,0.8203215599060059
808,1,c234,0.4355414,0.30744016,0.25701845,-0.5001208782196045,0.8203215599060059
809,0,c1,0.64735246,0.22564594,0.12700157,-0.5001208782196045,0.8203215599060059
810,1,c234,0.37421882,0.31707016,0.30871102,-0.5001208782196045,0.8203215599060059
811,2,c5,0.15266275,0.25019914,0.5971381,-0.5001208782196045,0.8203215599060059
812,1,c234,0.38150758,0.31641024,0.30208218,-0.5001208782196045,0.8203215599060059
813,2,c5,0.18892181,0.27695167,0.5341265,-0.5001208782196045,0.8203215599060059
814,1,c234,0.3315525,0.31847057,0.34997693,-0.5001208782196045,0.8203215599060059
815,1,c234,0.4100474,0.3123817,0.27757087,-0.5001208782196045,0.8203215599060059
816,1,c234,0.38191086,0.31631574,0.3017734,-0.5001208782196045,0.8203215599060059
817,0,c1,0.57104915,0.26186818,0.16708274,-0.5001208782196045,0.8203215599060059
818,1,c234,0.27884555,0.31258273,0.40857172,-0.5001208782196045,0.8203215599060059
819,2,c5,0.10302442,0.19751585,0.69945973,-0.5001208782196045,0.8203215599060059
820,0,c1,0.6374823,0.23067528,0.13184243,-0.5001208782196045,0.8203215599060059
821,1,c234,0.40121847,0.3138077,0.28497383,-0.5001208782196045,0.8203215599060059
822,1,c234,0.4308058,0.3084284,0.2607658,-0.5001208782196045,0.8203215599060059
823,1,c234,0.30239105,0.316447,0.38116196,-0.5001208782196045,0.8203215599060059
824,1,c234,0.29148483,0.31489706,0.3936181,-0.5001208782196045,0.8203215599060059
825,1,c234,0.32670087,0.31830725,0.35499188,-0.5001208782196045,0.8203215599060059
826,2,c5,0.047869027,0.11056554,0.84156543,-0.5001208782196045,0.8203215599060059
827,2,c5,0.08882034,0.17858785,0.7325918,-0.5001208782196045,0.8203215599060059
828,1,c234,0.45078248,0.30377096,0.24544658,-0.5001208782196045,0.8203215599060059
829,2,c5,0.13184243,0.23067528,0.6374823,-0.5001208782196045,0.8203215599060059
830,1,c234,0.22781277,0.29706898,0.47511825,-0.5001208782196045,0.8203215599060059
831,1,c234,0.42608273,0.30936897,0.2645483,-0.5001208782196045,0.8203215599060059
832,1,c234,0.45859116,0.30170372,0.23970512,-0.5001208782196045,0.8203215599060059
833,0,c1,0.7947038,0.14076072,0.064535476,-0.5001208782196045,0.8203215599060059
834,2,c5,0.057705283,0.12883389,0.8134608,-0.5001208782196045,0.8203215599060059
835,0,c1,0.63522243,0.23181333,0.13296424,-0.5001208782196045,0.8203215599060059
836,1,c234,0.2368691,0.30077925,0.46235165,-0.5001208782196045,0.8203215599060059
837,0,c1,0.6077796,0.24515589,0.14706452,-0.5001208782196045,0.8203215599060059
838,1,c234,0.25534368,0.30695298,0.43770334,-0.5001208782196045,0.8203215599060059
839,0,c1,0.7552762,0.16508509,0.079638734,-0.5001208782196045,0.8203215599060059
840,2,c5,0.18111837,0.2719015,0.54698014,-0.5001208782196045,0.8203215599060059
841,2,c5,0.06383163,0.13955927,0.7966091,-0.5001208782196045,0.8203215599060059
842,1,c234,0.3140505,0.3175438,0.3684057,-0.5001208782196045,0.8203215599060059
843,2,c5,0.032161474,0.0785017,0.8893368,-0.5001208782196045,0.8203215599060059
844,2,c5,0.17881244,0.2703386,0.55084896,-0.5001208782196045,0.8203215599060059
845,1,c234,0.3777128,0.3167971,0.3054901,-0.5001208782196045,0.8203215599060059
846,1,c234,0.4343413,0.30751973,0.25813895,-0.5001208782196045,0.8203215599060059
847,0,c1,0.57212526,0.2614705,0.16640432,-0.5001208782196045,0.8203215599060059
848,0,c1,0.73354733,0.17794803,0.088504665,-0.5001208782196045,0.8203215599060059
849,1,c234,0.33415473,0.31852958,0.3473157,-0.5001208782196045,0.8203215599060059
850,1,c234,0.21469146,0.29116765,0.4941409,-0.5001208782196045,0.8203215599060059
851,1,c234,0.30404168,0.31652242,0.3794359,-0.5001208782196045,0.8203215599060059
852,1,c234,0.35868996,0.31814358,0.32316646,-0.5001208782196045,0.8203215599060059
853,1,c234,0.28686798,0.3141403,0.39899173,-0.5001208782196045,0.8203215599060059
854,0,c1,0.6274948,0.23566629,0.13683893,-0.5001208782196045,0.8203215599060059
855,1,c234,0.45859116,0.30170372,0.23970512,-0.5001208782196045,0.8203215599060059
856,1,c234,0.307774,0.3169775,0.3752485,-0.5001208782196045,0.8203215599060059
857,0,c1,0.5610946,0.2661761,0.17272931,-0.5001208782196045,0.8203215599060059
858,1,c234,0.29401225,0.31533757,0.39065018,-0.5001208782196045,0.8203215599060059
859,1,c234,0.45950055,0.3015055,0.23899394,-0.5001208782196045,0.8203215599060059
860,2,c5,0.17161578,0.26524645,0.56313777,-0.5001208782196045,0.8203215599060059
861,0,c1,0.54334795,0.273351,0.18330106,-0.5001208782196045,0.8203215599060059
862,1,c234,0.4638692,0.3003192,0.23581158,-0.5001208782196045,0.8203215599060059
863,0,c1,0.85705173,0.10030586,0.042642392,-0.5001208782196045,0.8203215599060059
864,1,c234,0.22661239,0.29656437,0.47682324,-0.5001208782196045,0.8203215599060059
865,2,c5,0.18506187,0.2744993,0.54043883,-0.5001208782196045,0.8203215599060059
866,0,c1,0.742048,0.17300484,0.0849471,-0.5001208782196045,0.8203215599060059
867,1,c234,0.22439522,0.29549176,0.48011303,-0.5001208782196045,0.8203215599060059
868,1,c234,0.2286728,0.29742652,0.47390068,-0.5001208782196045,0.8203215599060059
869,1,c234,0.47365725,0.2974976,0.22884515,-0.5001208782196045,0.8203215599060059
870,0,c1,0.7583317,0.16330852,0.07835981,-0.5001208782196045,0.8203215599060059
871,2,c5,0.19042271,0.27800316,0.53157413,-0.5001208782196045,0.8203215599060059
872,2,c5,0.07613248,0.15985519,0.76401234,-0.5001208782196045,0.8203215599060059
873,0,c1,0.51232666,0.28491467,0.20275874,-0.5001208782196045,0.8203215599060059
874,0,c1,0.86927134,0.09211774,0.03861093,-0.5001208782196045,0.8203215599060059
875,1,c234,0.35588682,0.31827092,0.32584226,-0.5001208782196045,0.8203215599060059
876,0,c1,0.6331835,0.23283577,0.13398075,-0.5001208782196045,0.8203215599060059
877,1,c234,0.4285921,0.30894434,0.26246357,-0.5001208782196045,0.8203215599060059
878,2,c5,0.10017216,0.19384009,0.70598775,-0.5001208782196045,0.8203215599060059
879,1,c234,0.40992928,0.31240192,0.2776688,-0.5001208782196045,0.8203215599060059
880,1,c234,0.49023563,0.29242682,0.21733753,-0.5001208782196045,0.8203215599060059
881,1,c234,0.26322043,0.30902433,0.42775524,-0.5001208782196045,0.8203215599060059
882,2,c5,0.13240236,0.2312445,0.63635314,-0.5001208782196045,0.8203215599060059
883,1,c234,0.3928026,0.31500623,0.29219118,-0.5001208782196045,0.8203215599060059
884,1,c234,0.3316607,0.31847343,0.34986588,-0.5001208782196045,0.8203215599060059
885,2,c5,0.084795415,0.17259616,0.7426084,-0.5001208782196045,0.8203215599060059
886,1,c234,0.4318238,0.30816272,0.2600135,-0.5001208782196045,0.8203215599060059
887,1,c234,0.437463,0.3068218,0.25571522,-0.5001208782196045,0.8203215599060059
888,1,c234,0.25870037,0.30767795,0.43362167,-0.5001208782196045,0.8203215599060059
889,1,c234,0.43932635,0.30644253,0.25423113,-0.5001208782196045,0.8203215599060059
890,2,c5,0.19467378,0.28056622,0.52476,-0.5001208782196045,0.8203215599060059
891,0,c1,0.5899526,0.2534272,0.15662017,-0.5001208782196045,0.8203215599060059
892,2,c5,0.19072407,0.27818817,0.53108776,-0.5001208782196045,0.8203215599060059
893,2,c5,0.09318167,0.18468302,0.7221353,-0.5001208782196045,0.8203215599060059
894,1,c234,0.42226636,0.3101341,0.26759952,-0.5001208782196045,0.8203215599060059
895,0,c1,0.7199747,0.18601517,0.09401019,-0.5001208782196045,0.8203215599060059
896,2,c5,0.10484332,0.2002325,0.6949242,-0.5001208782196045,0.8203215599060059
897,0,c1,0.50964236,0.28601575,0.2043419,-0.5001208782196045,0.8203215599060059
898,0,c1,0.53825516,0.2753538,0.18639107,-0.5001208782196045,0.8203215599060059
899,1,c234,0.2656899,0.30965954,0.42465055,-0.5001208782196045,0.8203215599060059
