row_id,pred_bert512,pred_soft256,pred_svc_word_char,pred_baseline,pred_ordinal256_corrected,pred_norberto,norberto_prob_c1,norberto_prob_c234,norberto_prob_c5,vote_pattern,tie_leader_a,tie_leader_b,v3_targeted_tie,v3_changed_prediction,y_pred_id_v2,y_pred_v2,y_pred_id,y_pred
0,1,1,1,1,1,1,0.0963689630478649,0.4734191104132166,0.4302119265389185,5-0-0,-1,-1,False,False,1,c234,1,c234
1,1,1,1,0,0,1,0.3194075858614644,0.5105092315092937,0.1700831826292417,3-2-0,-1,-1,False,False,1,c234,1,c234
2,2,2,0,2,2,2,0.093236984823786,0.365220368662771,0.5415426465134429,4-1-0,-1,-1,False,False,2,c5,2,c5
3,0,0,0,1,0,1,0.4320600082616765,0.4721560775958649,0.0957839141424584,4-1-0,-1,-1,False,False,0,c1,0,c1
4,0,0,1,0,0,0,0.5244089855219632,0.3828237195593642,0.0927672949186726,4-1-0,-1,-1,False,False,0,c1,0,c1
5,0,0,0,0,0,0,0.4501362593503289,0.3025763186207153,0.2472874220289556,5-0-0,-1,-1,False,False,0,c1,0,c1
6,2,2,1,1,1,2,0.2116580342470537,0.3072846942434836,0.4810572715094625,3-2-0,-1,-1,False,False,1,c234,1,c234
7,1,1,1,1,1,1,0.317518478980416,0.521649537909983,0.1608319831096009,5-0-0,-1,-1,False,False,1,c234,1,c234
8,2,2,2,2,2,2,0.2093997497791806,0.3925496681382239,0.3980505820825955,5-0-0,-1,-1,False,False,2,c5,2,c5
9,0,0,0,0,0,0,0.5251373061869583,0.3681745789246169,0.1066881148884247,5-0-0,-1,-1,False,False,0,c1,0,c1
10,1,1,1,1,1,1,0.2693723306662472,0.4757155717941819,0.2549120975395708,5-0-0,-1,-1,False,False,1,c234,1,c234
11,0,0,0,1,1,2,0.1858120292964917,0.3804711572615035,0.4337168134420049,3-2-0,-1,-1,False,False,0,c1,0,c1
12,1,1,0,1,1,1,0.2009632817181327,0.4727614670749537,0.3262752512069136,4-1-0,-1,-1,False,False,1,c234,1,c234
13,0,0,0,0,0,0,0.4912456210479357,0.3716726839830258,0.1370816949690383,5-0-0,-1,-1,False,False,0,c1,0,c1
14,2,2,1,1,2,2,0.0358809339411276,0.250434956091915,0.7136841099669573,3-2-0,-1,-1,False,False,2,c5,2,c5
15,2,2,2,2,2,2,0.2603056988490977,0.1621808667543876,0.5775134343965147,5-0-0,-1,-1,False,False,2,c5,2,c5
16,2,2,2,2,1,2,0.1743656388337108,0.3360165203294996,0.4896178408367896,4-1-0,-1,-1,False,False,2,c5,2,c5
17,2,1,1,1,2,1,0.2068255795354112,0.5434513989752408,0.2497230214893479,3-2-0,-1,-1,False,False,1,c234,1,c234
18,2,2,1,2,2,2,0.0873973763085235,0.3062407363834558,0.6063618873080207,4-1-0,-1,-1,False,False,2,c5,2,c5
19,2,2,2,2,2,2,0.0682337564064378,0.2821658640517206,0.6496003795418415,5-0-0,-1,-1,False,False,2,c5,2,c5
20,0,0,0,0,0,0,0.6614611263856807,0.2709003444679389,0.0676385291463802,5-0-0,-1,-1,False,False,0,c1,0,c1
21,0,1,2,0,1,0,0.4906853846075617,0.3615879508895958,0.1477266645028425,2-2-1,0,1,True,False,0,c1,0,c1
22,2,2,2,2,2,2,0.0160347709099062,0.1727059782347933,0.8112592508553005,5-0-0,-1,-1,False,False,2,c5,2,c5
23,2,2,0,2,2,0,0.5881975966636207,0.3166220186178911,0.0951803847184881,4-1-0,-1,-1,False,False,2,c5,2,c5
24,1,1,1,1,1,1,0.1593612301097943,0.4315789103613076,0.409059859528898,5-0-0,-1,-1,False,False,1,c234,1,c234
25,1,1,1,1,1,1,0.0960353223500982,0.4729332916960915,0.4310313859538103,5-0-0,-1,-1,False,False,1,c234,1,c234
26,2,2,2,2,2,2,0.0059030617010073,0.1532114211226924,0.8408855171763002,5-0-0,-1,-1,False,False,2,c5,2,c5
27,1,0,0,0,1,0,0.431103036492839,0.4189630258342334,0.1499339376729276,3-2-0,-1,-1,False,False,0,c1,0,c1
28,2,2,1,1,2,2,0.0436186817452798,0.3265781029204609,0.6298032153342591,3-2-0,-1,-1,False,False,2,c5,2,c5
29,1,0,1,1,1,1,0.3749887023670172,0.4844428240354407,0.140568473597542,4-1-0,-1,-1,False,False,1,c234,1,c234
30,1,1,0,1,1,1,0.2615422511738628,0.4344331734680183,0.3040245753581186,4-1-0,-1,-1,False,False,1,c234,1,c234
31,2,2,2,2,2,2,0.0413376908092509,0.1380457623005181,0.820616546890231,5-0-0,-1,-1,False,False,2,c5,2,c5
32,2,2,1,1,2,2,0.1592211320079752,0.2442695964865499,0.5965092715054748,3-2-0,-1,-1,False,False,2,c5,2,c5
33,1,1,1,1,1,1,0.1348869167621231,0.6059989055512828,0.2591141776865941,5-0-0,-1,-1,False,False,1,c234,1,c234
34,2,2,2,1,1,0,0.4351459931411732,0.2367292167943013,0.3281247900645255,3-2-0,-1,-1,False,False,2,c5,2,c5
35,0,0,1,1,1,1,0.369800457105558,0.3829857318105466,0.2472138110838953,3-2-0,-1,-1,False,False,1,c234,1,c234
36,1,1,2,2,1,0,0.3935403767653737,0.3002131594774181,0.3062464637572081,3-2-0,-1,-1,False,False,1,c234,1,c234
37,0,0,0,0,0,0,0.6528716923067169,0.1955018952044003,0.1516264124888828,5-0-0,-1,-1,False,False,0,c1,0,c1
38,1,1,0,0,1,0,0.4520916147830087,0.3702497639542226,0.1776586212627686,3-2-0,-1,-1,False,False,1,c234,1,c234
39,1,1,2,0,1,1,0.1638398401869564,0.4717770649231683,0.3643830948898752,3-1-1,-1,-1,False,False,1,c234,1,c234
40,1,1,2,2,1,0,0.343096682529211,0.3303962045520704,0.3265071129187186,3-2-0,-1,-1,False,False,1,c234,1,c234
41,2,1,1,1,1,1,0.1639993582696684,0.6105228003272226,0.2254778414031089,4-1-0,-1,-1,False,False,1,c234,1,c234
42,2,2,0,0,1,0,0.3711676996198748,0.3325501579730075,0.2962821424071177,2-2-1,0,2,False,False,2,c5,2,c5
43,1,1,1,1,2,1,0.1393059699025334,0.462489525063949,0.3982045050335175,4-1-0,-1,-1,False,False,1,c234,1,c234
44,2,0,0,0,1,2,0.3285365692333691,0.320026254073657,0.3514371766929738,3-1-1,-1,-1,False,False,0,c1,0,c1
45,0,0,2,2,0,0,0.3765943015394093,0.2646923973652675,0.3587133010953231,3-2-0,-1,-1,False,False,0,c1,0,c1
46,2,2,1,2,2,2,0.0696464127203294,0.1866851720567496,0.7436684152229209,4-1-0,-1,-1,False,False,2,c5,2,c5
47,0,0,1,0,0,0,0.6222383104709768,0.3202226434167377,0.0575390461122854,4-1-0,-1,-1,False,False,0,c1,0,c1
48,2,2,2,2,2,2,0.1504695177156672,0.4202543540924237,0.4292761281919088,5-0-0,-1,-1,False,False,2,c5,2,c5
49,2,2,2,2,2,2,0.0403318984066109,0.1448197252796682,0.8148483763137209,5-0-0,-1,-1,False,False,2,c5,2,c5
50,2,1,2,2,2,2,0.0925059927288181,0.448928338442894,0.4585656688282878,4-1-0,-1,-1,False,False,2,c5,2,c5
51,0,0,0,0,0,2,0.3056264106152129,0.251585627201261,0.442787962183526,5-0-0,-1,-1,False,False,0,c1,0,c1
52,1,1,1,1,1,1,0.117707455071578,0.4428156412592315,0.4394769036691905,5-0-0,-1,-1,False,False,1,c234,1,c234
53,0,2,1,1,2,0,0.4516388166776719,0.3133379110787032,0.2350232722436248,2-2-1,1,2,True,True,2,c5,1,c234
54,2,1,0,0,1,1,0.2987713556169478,0.4118262081550722,0.28940243622798,2-2-1,0,1,True,False,1,c234,1,c234
55,2,1,2,2,1,2,0.1476497431989959,0.2899323315974121,0.562417925203592,3-2-0,-1,-1,False,False,2,c5,2,c5
56,0,0,0,0,0,0,0.4585430376983095,0.3662412212278321,0.1752157410738583,5-0-0,-1,-1,False,False,0,c1,0,c1
57,2,1,2,2,2,2,0.2787238740009982,0.3428780735039896,0.378398052495012,4-1-0,-1,-1,False,False,2,c5,2,c5
58,1,1,2,0,1,1,0.2391018438564491,0.3860216640371358,0.3748764921064151,3-1-1,-1,-1,False,False,1,c234,1,c234
59,1,1,1,2,0,2,0.17824296822048,0.3814622397135006,0.4402947920660194,3-1-1,-1,-1,False,False,1,c234,1,c234
60,0,1,1,1,0,1,0.3268956306506205,0.4802979174034882,0.1928064519458911,3-2-0,-1,-1,False,False,1,c234,1,c234
61,1,1,1,1,1,1,0.2689065414093463,0.5045961572697473,0.2264973013209065,5-0-0,-1,-1,False,False,1,c234,1,c234
62,1,0,1,1,1,1,0.3346927947898099,0.4807878994556812,0.1845193057545088,4-1-0,-1,-1,False,False,1,c234,1,c234
63,0,0,0,0,1,0,0.4103909279954557,0.2396420426844364,0.3499670293201079,4-1-0,-1,-1,False,False,0,c1,0,c1
64,1,1,0,0,1,1,0.3322181042099362,0.4232826794459521,0.2444992163441116,3-2-0,-1,-1,False,False,1,c234,1,c234
65,2,0,1,1,1,2,0.3010793086281936,0.195199888834357,0.5037208025374493,3-1-1,-1,-1,False,False,1,c234,1,c234
66,1,2,2,2,1,2,0.2954205857568877,0.31244558588334,0.3921338283597722,3-2-0,-1,-1,False,False,2,c5,2,c5
67,2,2,2,1,2,2,0.1193236283447359,0.14039179138382,0.7402845802714441,4-1-0,-1,-1,False,False,2,c5,2,c5
68,1,1,0,1,1,1,0.2246003895137698,0.4360046265662737,0.3393949839199564,4-1-0,-1,-1,False,False,1,c234,1,c234
69,1,2,0,0,2,1,0.2814519861170262,0.5177958275450616,0.2007521863379121,2-2-1,0,2,False,False,2,c5,2,c5
70,2,2,2,2,2,2,0.029758606828649,0.0825481754030277,0.8876932177683232,5-0-0,-1,-1,False,False,2,c5,2,c5
71,1,1,0,2,1,2,0.240527683628221,0.3744057395104944,0.3850665768612845,3-1-1,-1,-1,False,False,1,c234,1,c234
72,1,1,1,1,1,1,0.2383932659585156,0.4746807112145265,0.2869260228269578,5-0-0,-1,-1,False,False,1,c234,1,c234
73,1,0,1,1,0,0,0.672903087334158,0.2517833742234791,0.0753135384423628,3-2-0,-1,-1,False,False,1,c234,1,c234
74,1,0,1,1,1,1,0.3037985794889258,0.6186542503292645,0.0775471701818097,4-1-0,-1,-1,False,False,1,c234,1,c234
75,1,0,0,0,1,0,0.4075734106450662,0.3712583982359656,0.2211681911189681,3-2-0,-1,-1,False,False,0,c1,0,c1
76,2,2,1,2,1,2,0.1676553847113798,0.3000569706345119,0.5322876446541082,3-2-0,-1,-1,False,False,2,c5,2,c5
77,1,1,2,2,1,1,0.199128525292322,0.50318224728055,0.2976892274271279,3-2-0,-1,-1,False,False,1,c234,1,c234
78,1,1,2,2,1,1,0.3482493216785481,0.4069583724364635,0.2447923058849883,3-2-0,-1,-1,False,False,1,c234,1,c234
79,2,2,0,0,1,2,0.1745915394953891,0.3473015165262956,0.4781069439783152,2-2-1,0,2,False,False,2,c5,2,c5
80,1,1,0,0,1,1,0.2768726326126473,0.4795623881141236,0.2435649792732291,3-2-0,-1,-1,False,False,1,c234,1,c234
81,0,0,0,0,0,0,0.4549775011056071,0.1737260120763141,0.3712964868180788,5-0-0,-1,-1,False,False,0,c1,0,c1
82,1,1,1,1,1,1,0.2817460629007883,0.3903488103795868,0.3279051267196247,5-0-0,-1,-1,False,False,1,c234,1,c234
83,1,1,2,2,2,2,0.1085535771630306,0.3607671077900153,0.530679315046954,3-2-0,-1,-1,False,False,2,c5,2,c5
84,1,1,0,1,1,0,0.4604012346914922,0.3732996923369246,0.1662990729715832,4-1-0,-1,-1,False,False,1,c234,1,c234
85,0,0,0,0,0,0,0.4794330473043872,0.312011118894265,0.2085558338013477,5-0-0,-1,-1,False,False,0,c1,0,c1
86,0,0,1,1,1,0,0.5070504102290515,0.4261461242429771,0.0668034655279712,3-2-0,-1,-1,False,False,1,c234,1,c234
87,1,1,0,2,1,0,0.3887802665642264,0.2673676474855191,0.3438520859502544,3-1-1,-1,-1,False,False,1,c234,1,c234
88,0,0,0,1,0,0,0.4731321347741039,0.3532367019746622,0.173631163251234,4-1-0,-1,-1,False,False,0,c1,0,c1
89,0,0,0,0,0,0,0.8567628388187079,0.1146553506200734,0.0285818105612185,5-0-0,-1,-1,False,False,0,c1,0,c1
90,0,0,0,0,1,0,0.5001736675208454,0.293248339842681,0.2065779926364735,4-1-0,-1,-1,False,False,0,c1,0,c1
91,0,0,0,0,0,0,0.6249243792389396,0.2356361439408176,0.1394394768202426,5-0-0,-1,-1,False,False,0,c1,0,c1
92,2,2,2,2,2,2,0.0566554231415833,0.3231370642494519,0.6202075126089648,5-0-0,-1,-1,False,False,2,c5,2,c5
93,0,1,0,0,0,0,0.5262571231846197,0.3277491931585943,0.145993683656786,4-1-0,-1,-1,False,False,0,c1,0,c1
94,1,1,1,1,1,1,0.2081630780698825,0.5850919809809036,0.2067449409492138,5-0-0,-1,-1,False,False,1,c234,1,c234
95,0,0,0,0,1,0,0.5584854239501718,0.3418227200722413,0.0996918559775869,4-1-0,-1,-1,False,False,0,c1,0,c1
96,1,1,1,1,1,1,0.2757455021089668,0.5185358195118196,0.2057186783792134,5-0-0,-1,-1,False,False,1,c234,1,c234
97,2,1,0,0,1,1,0.2022455751188571,0.4678303472400393,0.3299240776411036,2-2-1,0,1,True,False,1,c234,1,c234
98,1,2,1,1,1,1,0.1583025030581066,0.4908308540894956,0.350866642852398,4-1-0,-1,-1,False,False,1,c234,1,c234
99,1,2,2,2,2,1,0.1207195336264972,0.5072565169260664,0.3720239494474363,4-1-0,-1,-1,False,False,2,c5,2,c5
100,1,1,2,2,1,0,0.3953885050250133,0.3351115847313714,0.2694999102436152,3-2-0,-1,-1,False,False,1,c234,1,c234
101,0,0,0,0,1,0,0.4134336725078869,0.3637532875211089,0.222813039971004,4-1-0,-1,-1,False,False,0,c1,0,c1
102,2,2,2,2,1,0,0.3656676254669311,0.2801746470409871,0.3541577274920818,4-1-0,-1,-1,False,False,2,c5,2,c5
103,1,1,1,1,2,1,0.2034238152773588,0.5856161902568693,0.2109599944657719,4-1-0,-1,-1,False,False,1,c234,1,c234
104,1,1,1,1,2,1,0.2412065027145725,0.4738184932710968,0.2849750040143305,4-1-0,-1,-1,False,False,1,c234,1,c234
105,2,2,2,1,1,1,0.267648834802417,0.3716843393875397,0.3606668258100432,3-2-0,-1,-1,False,False,2,c5,2,c5
106,1,1,2,2,2,1,0.2927925510708051,0.4591116574953395,0.2480957914338554,3-2-0,-1,-1,False,False,2,c5,2,c5
107,2,1,1,1,1,2,0.2325171606293075,0.29178429476133,0.4756985446093623,4-1-0,-1,-1,False,False,1,c234,1,c234
108,1,1,1,1,1,1,0.260847314491257,0.4443666802161001,0.2947860052926431,5-0-0,-1,-1,False,False,1,c234,1,c234
109,2,1,1,1,2,1,0.1439016459171591,0.4307662495827071,0.4253321045001337,3-2-0,-1,-1,False,False,1,c234,1,c234
110,0,0,1,0,0,0,0.4662370456822527,0.4016271877382638,0.1321357665794833,4-1-0,-1,-1,False,False,0,c1,0,c1
111,2,2,0,2,2,0,0.4107453667287765,0.2582014459179527,0.3310531873532709,4-1-0,-1,-1,False,False,2,c5,2,c5
112,2,2,2,2,2,2,0.3016895704364362,0.2030894704594362,0.4952209591041275,5-0-0,-1,-1,False,False,2,c5,2,c5
113,2,2,2,2,2,2,0.0492469573586329,0.0501202797286026,0.9006327629127644,5-0-0,-1,-1,False,False,2,c5,2,c5
114,2,2,0,2,2,2,0.0926807379596418,0.2055710099303692,0.7017482521099889,4-1-0,-1,-1,False,False,2,c5,2,c5
115,2,2,1,1,2,2,0.0379807370567716,0.3765400530334115,0.5854792099098169,3-2-0,-1,-1,False,False,2,c5,2,c5
116,1,2,1,2,1,2,0.3089999255274697,0.3429168483990312,0.3480832260734991,3-2-0,-1,-1,False,False,1,c234,1,c234
117,1,2,2,2,1,1,0.3150102199111551,0.3558276602178152,0.3291621198710297,3-2-0,-1,-1,False,False,2,c5,2,c5
118,1,1,1,0,1,0,0.4346281885913705,0.3669666441383435,0.1984051672702861,4-1-0,-1,-1,False,False,1,c234,1,c234
119,1,2,1,1,1,0,0.4044895602185691,0.2870011660452481,0.3085092737361827,4-1-0,-1,-1,False,False,1,c234,1,c234
120,0,0,2,2,1,2,0.2535109191357674,0.363126543441827,0.3833625374224054,2-2-1,0,2,False,False,0,c1,0,c1
121,2,2,1,2,2,2,0.0587132495484637,0.277501694309002,0.6637850561425344,4-1-0,-1,-1,False,False,2,c5,2,c5
122,0,0,2,1,0,0,0.4166805041427802,0.3662130019864946,0.2171064938707251,3-1-1,-1,-1,False,False,0,c1,0,c1
123,2,2,2,2,2,2,0.1392608396593881,0.4149701662487705,0.4457689940918414,5-0-0,-1,-1,False,False,2,c5,2,c5
124,2,2,2,2,2,2,0.0820258031609936,0.2365252261093679,0.6814489707296384,5-0-0,-1,-1,False,False,2,c5,2,c5
125,0,0,0,0,1,0,0.4131274594636969,0.2513096518279438,0.3355628887083591,4-1-0,-1,-1,False,False,0,c1,0,c1
126,0,0,0,2,0,0,0.6703545617292274,0.2543602561000012,0.0752851821707714,4-1-0,-1,-1,False,False,0,c1,0,c1
127,0,0,0,0,0,0,0.5678345997608276,0.3238980518594073,0.108267348379765,5-0-0,-1,-1,False,False,0,c1,0,c1
128,2,2,2,2,2,2,0.118702523666594,0.2981632245916801,0.5831342517417258,5-0-0,-1,-1,False,False,2,c5,2,c5
129,0,0,1,0,0,0,0.6587228956463819,0.2786145599390092,0.0626625444146088,4-1-0,-1,-1,False,False,0,c1,0,c1
130,1,1,2,0,1,1,0.2313780034643371,0.467510539271822,0.3011114572638407,3-1-1,-1,-1,False,False,1,c234,1,c234
131,0,0,0,0,0,0,0.4463641362249855,0.4182978177947126,0.1353380459803018,5-0-0,-1,-1,False,False,0,c1,0,c1
132,0,0,1,1,1,1,0.3174647183273104,0.3808261634663838,0.3017091182063057,3-2-0,-1,-1,False,False,1,c234,1,c234
133,0,0,1,1,1,0,0.6420898959461382,0.2642721915140678,0.093637912539794,3-2-0,-1,-1,False,False,1,c234,1,c234
134,1,1,1,1,1,2,0.097613166984936,0.441226043237481,0.4611607897775829,5-0-0,-1,-1,False,False,1,c234,1,c234
135,2,2,1,2,1,1,0.3042569618780287,0.379018083405002,0.3167249547169693,3-2-0,-1,-1,False,False,2,c5,2,c5
136,2,2,2,2,2,1,0.1337459690281713,0.5369123316131922,0.3293416993586364,5-0-0,-1,-1,False,False,2,c5,2,c5
137,1,1,1,1,1,1,0.1990991788685038,0.4743602951699361,0.3265405259615601,5-0-0,-1,-1,False,False,1,c234,1,c234
138,1,2,2,2,1,2,0.0489791849180239,0.2040659324190215,0.7469548826629544,3-2-0,-1,-1,False,False,2,c5,2,c5
139,0,0,0,0,0,0,0.6426921235620158,0.2535629425088854,0.1037449339290988,5-0-0,-1,-1,False,False,0,c1,0,c1
140,0,0,0,0,1,0,0.6280503448417404,0.2397233534630508,0.1322263016952087,4-1-0,-1,-1,False,False,0,c1,0,c1
141,2,2,1,1,2,2,0.0711547216838716,0.2116102651987052,0.7172350131174232,3-2-0,-1,-1,False,False,2,c5,2,c5
142,0,0,0,0,0,0,0.865400406684713,0.1109674837939452,0.0236321095213416,5-0-0,-1,-1,False,False,0,c1,0,c1
143,0,0,0,0,0,0,0.4500959694197495,0.2514812766999671,0.2984227538802834,5-0-0,-1,-1,False,False,0,c1,0,c1
144,0,0,0,0,0,0,0.6644779966285461,0.2554608445852544,0.0800611587861994,5-0-0,-1,-1,False,False,0,c1,0,c1
145,1,1,2,0,1,1,0.2772083993448712,0.3975131206789739,0.3252784799761549,3-1-1,-1,-1,False,False,1,c234,1,c234
146,2,2,2,2,2,2,0.0243254618388088,0.3194877482896335,0.6561867898715577,5-0-0,-1,-1,False,False,2,c5,2,c5
147,2,2,2,2,2,2,0.0769974941826196,0.2228540379613013,0.700148467856079,5-0-0,-1,-1,False,False,2,c5,2,c5
148,2,2,2,2,2,1,0.33161118776673,0.395146321381105,0.2732424908521648,5-0-0,-1,-1,False,False,2,c5,2,c5
149,0,0,0,0,0,0,0.565990313201176,0.2982559360074772,0.1357537507913467,5-0-0,-1,-1,False,False,0,c1,0,c1
150,0,0,0,0,0,0,0.7868138338020934,0.1319399820135702,0.0812461841843364,5-0-0,-1,-1,False,False,0,c1,0,c1
151,0,0,0,0,1,0,0.4487015898529425,0.3441049435349724,0.2071934666120849,4-1-0,-1,-1,False,False,0,c1,0,c1
152,0,0,1,0,0,0,0.5739437296381439,0.3284635558829988,0.0975927144788572,4-1-0,-1,-1,False,False,0,c1,0,c1
153,2,2,1,1,2,2,0.0877668332986364,0.354814563799299,0.5574186029020646,3-2-0,-1,-1,False,False,2,c5,2,c5
154,0,1,1,1,0,1,0.2778632984508318,0.5640467132950387,0.1580899882541293,3-2-0,-1,-1,False,False,1,c234,1,c234
155,2,2,2,2,2,2,0.2354595337061663,0.195966811790883,0.5685736545029508,5-0-0,-1,-1,False,False,2,c5,2,c5
156,1,2,2,1,2,1,0.2232467552999784,0.4851221585857166,0.2916310861143048,3-2-0,-1,-1,False,False,2,c5,2,c5
157,2,2,2,1,2,2,0.20599018826494,0.3751462097170697,0.4188636020179903,4-1-0,-1,-1,False,False,2,c5,2,c5
158,0,1,1,2,0,0,0.5964177419693796,0.2102843919931554,0.1932978660374648,2-2-1,0,1,True,False,0,c1,0,c1
159,2,1,0,1,1,1,0.2613732533332243,0.5084438306670205,0.230182915999755,3-1-1,-1,-1,False,False,1,c234,1,c234
160,2,2,0,2,2,2,0.1314451528353465,0.4002602924232839,0.4682945547413695,4-1-0,-1,-1,False,False,2,c5,2,c5
161,0,0,0,1,0,0,0.657491208500199,0.2743174150654673,0.0681913764343335,4-1-0,-1,-1,False,False,0,c1,0,c1
162,1,1,2,1,1,1,0.1860205182132027,0.5136191207736246,0.3003603610131726,4-1-0,-1,-1,False,False,1,c234,1,c234
163,0,0,2,0,0,1,0.3487630326712992,0.4221965180148918,0.229040449313809,4-1-0,-1,-1,False,False,0,c1,0,c1
164,2,0,0,0,1,2,0.3290107425775493,0.3270087362230094,0.3439805211994411,3-1-1,-1,-1,False,False,0,c1,0,c1
165,1,1,1,1,2,1,0.1756179746203019,0.4920520357532909,0.3323299896264071,4-1-0,-1,-1,False,False,1,c234,1,c234
166,2,2,1,2,2,2,0.0832668981179704,0.23035675448552,0.6863763473965097,4-1-0,-1,-1,False,False,2,c5,2,c5
167,2,1,1,1,2,2,0.2126652435797833,0.3809492180810835,0.4063855383391331,3-2-0,-1,-1,False,False,1,c234,1,c234
168,2,2,2,2,2,2,0.0375385937809479,0.1064166190445792,0.8560447871744727,5-0-0,-1,-1,False,False,2,c5,2,c5
169,1,1,0,1,1,0,0.4704774474428838,0.3827757071350169,0.1467468454220992,4-1-0,-1,-1,False,False,1,c234,1,c234
170,0,0,0,0,0,0,0.5178578480852515,0.3927650210518743,0.0893771308628743,5-0-0,-1,-1,False,False,0,c1,0,c1
171,2,2,2,2,2,2,0.0931492166140471,0.2856442400672381,0.6212065433187147,5-0-0,-1,-1,False,False,2,c5,2,c5
172,2,2,2,2,2,2,0.010416734679765,0.109569936054488,0.880013329265747,5-0-0,-1,-1,False,False,2,c5,2,c5
173,1,1,1,1,1,1,0.3611683921137411,0.4509101690012936,0.1879214388849654,5-0-0,-1,-1,False,False,1,c234,1,c234
174,0,0,0,0,0,0,0.6093890804849191,0.3218711415277192,0.0687397779873617,5-0-0,-1,-1,False,False,0,c1,0,c1
175,2,2,0,0,2,2,0.1817732729928784,0.1576961868563774,0.6605305401507441,3-2-0,-1,-1,False,False,2,c5,2,c5
176,1,1,0,0,0,1,0.3967175567651287,0.4390727045017111,0.1642097387331601,3-2-0,-1,-1,False,False,0,c1,0,c1
177,2,0,1,1,2,1,0.2566185604729361,0.4905562741867965,0.2528251653402673,2-2-1,1,2,True,True,2,c5,1,c234
178,2,2,0,0,2,2,0.0297028155085287,0.2146534876694706,0.7556436968220006,3-2-0,-1,-1,False,False,2,c5,2,c5
179,1,1,1,1,2,1,0.1749345388031499,0.4323333768104168,0.3927320843864332,4-1-0,-1,-1,False,False,1,c234,1,c234
180,0,0,0,0,0,0,0.8354242359186288,0.1442651667107096,0.0203105973706615,5-0-0,-1,-1,False,False,0,c1,0,c1
181,2,2,2,2,2,1,0.1637918252508243,0.4469203733072105,0.3892878014419652,5-0-0,-1,-1,False,False,2,c5,2,c5
182,0,0,0,0,1,0,0.4839882458823206,0.2975947007124607,0.2184170534052185,4-1-0,-1,-1,False,False,0,c1,0,c1
183,2,0,2,2,0,0,0.6123757386484258,0.2455416659643121,0.142082595387262,3-2-0,-1,-1,False,False,2,c5,2,c5
184,1,1,0,0,1,1,0.3233742747870288,0.4752981226559249,0.2013276025570462,3-2-0,-1,-1,False,False,1,c234,1,c234
185,2,2,2,2,2,2,0.0624926735519741,0.1127184455018624,0.8247888809461635,5-0-0,-1,-1,False,False,2,c5,2,c5
186,2,2,0,0,2,2,0.3213140801671191,0.2341619190126081,0.4445240008202728,3-2-0,-1,-1,False,False,2,c5,2,c5
187,1,1,1,2,1,1,0.1948534743365444,0.4810910071207835,0.3240555185426719,4-1-0,-1,-1,False,False,1,c234,1,c234
188,1,1,2,2,1,2,0.1767038730599777,0.3744018890455346,0.4488942378944876,3-2-0,-1,-1,False,False,1,c234,1,c234
189,2,2,1,1,2,1,0.1066273517750541,0.4700027282975019,0.4233699199274439,3-2-0,-1,-1,False,False,2,c5,2,c5
190,1,2,2,2,1,2,0.1381760271888088,0.2732237692365756,0.5886002035746155,3-2-0,-1,-1,False,False,2,c5,2,c5
191,2,1,2,2,1,2,0.3056059702656228,0.3333558892621229,0.3610381404722543,3-2-0,-1,-1,False,False,2,c5,2,c5
192,2,2,2,2,2,2,0.0504951390936995,0.2882477736532189,0.6612570872530815,5-0-0,-1,-1,False,False,2,c5,2,c5
193,0,0,0,0,0,0,0.7290356428951683,0.2044325819829132,0.0665317751219183,5-0-0,-1,-1,False,False,0,c1,0,c1
194,0,0,0,0,0,0,0.7409858664656896,0.1891429419643655,0.0698711915699448,5-0-0,-1,-1,False,False,0,c1,0,c1
195,1,1,1,1,1,1,0.2922619309702161,0.5258693341968579,0.181868734832926,5-0-0,-1,-1,False,False,1,c234,1,c234
196,2,2,1,1,2,2,0.1573434669693391,0.3348695865468307,0.5077869464838302,3-2-0,-1,-1,False,False,2,c5,2,c5
197,0,0,1,0,0,0,0.4922554974771599,0.3665731458556805,0.1411713566671596,4-1-0,-1,-1,False,False,0,c1,0,c1
198,2,2,1,1,2,2,0.3324792635371826,0.3192449244290203,0.348275812033797,3-2-0,-1,-1,False,False,2,c5,2,c5
199,0,1,1,1,1,0,0.4649685360107899,0.3359278808568176,0.1991035831323925,4-1-0,-1,-1,False,False,1,c234,1,c234
200,1,2,0,1,1,2,0.1664227285973922,0.3333227325015893,0.5002545389010185,3-1-1,-1,-1,False,False,1,c234,1,c234
201,1,1,2,0,1,1,0.3706403099782293,0.3803108381125725,0.2490488519091981,3-1-1,-1,-1,False,False,1,c234,1,c234
202,2,1,2,1,1,1,0.1591835806773163,0.5565556223399654,0.2842607969827183,3-2-0,-1,-1,False,False,1,c234,1,c234
203,2,2,1,1,2,2,0.1218847264685098,0.3805065789505695,0.4976086945809206,3-2-0,-1,-1,False,False,2,c5,2,c5
204,0,0,0,0,1,0,0.5119229006950945,0.2630653669272605,0.2250117323776448,4-1-0,-1,-1,False,False,0,c1,0,c1
205,2,2,1,2,2,2,0.0792947125221331,0.2613018708644116,0.6594034166134551,4-1-0,-1,-1,False,False,2,c5,2,c5
206,0,0,0,0,0,0,0.569290335297066,0.3060798837079151,0.1246297809950188,5-0-0,-1,-1,False,False,0,c1,0,c1
207,0,0,0,0,0,0,0.5373367673600835,0.2955525646946655,0.1671106679452509,5-0-0,-1,-1,False,False,0,c1,0,c1
208,1,1,2,2,1,2,0.2933444233824486,0.3463199469927399,0.3603356296248116,3-2-0,-1,-1,False,False,1,c234,1,c234
209,2,2,2,2,2,2,0.0025298499698433,0.0063228852161289,0.9911472648140278,5-0-0,-1,-1,False,False,2,c5,2,c5
210,0,0,0,0,0,1,0.3649415087831578,0.408533942524759,0.226524548692083,5-0-0,-1,-1,False,False,0,c1,0,c1
211,2,1,0,1,2,2,0.1492705060801114,0.4158382114451997,0.4348912824746888,2-2-1,1,2,True,False,2,c5,2,c5
212,2,1,2,2,1,1,0.2286497300728949,0.3940598467295126,0.3772904231975924,3-2-0,-1,-1,False,False,2,c5,2,c5
213,2,2,1,1,2,1,0.0877732160022925,0.5458766944666025,0.366350089531105,3-2-0,-1,-1,False,False,2,c5,2,c5
214,2,2,2,0,2,0,0.413181171834541,0.2633000163186115,0.3235188118468473,4-1-0,-1,-1,False,False,2,c5,2,c5
215,2,2,2,2,2,2,0.0624738627222693,0.2267276999345222,0.7107984373432085,5-0-0,-1,-1,False,False,2,c5,2,c5
216,2,1,0,1,2,1,0.1558960225410422,0.4527551049949047,0.3913488724640531,2-2-1,1,2,True,True,2,c5,1,c234
217,0,1,0,0,1,1,0.4119062960550694,0.4805102792960428,0.1075834246488877,3-2-0,-1,-1,False,False,0,c1,0,c1
218,2,2,2,2,2,2,0.0410151757135358,0.2753535496690243,0.6836312746174397,5-0-0,-1,-1,False,False,2,c5,2,c5
219,1,0,1,1,1,2,0.1304618882086975,0.3060107408739707,0.5635273709173317,4-1-0,-1,-1,False,False,1,c234,1,c234
220,1,1,2,2,2,1,0.3246722752050203,0.376408110712581,0.2989196140823986,3-2-0,-1,-1,False,False,2,c5,2,c5
221,2,1,0,0,1,2,0.2002751300301428,0.2881795354590173,0.5115453345108397,2-2-1,0,1,True,False,1,c234,1,c234
222,2,1,1,1,2,2,0.1899072974874155,0.3921457968509921,0.4179469056615924,3-2-0,-1,-1,False,False,1,c234,1,c234
223,0,0,0,1,1,1,0.3692218910437255,0.4611054681016037,0.1696726408546707,3-2-0,-1,-1,False,False,0,c1,0,c1
224,0,0,0,0,0,0,0.5027900987496855,0.3928180833345364,0.1043918179157781,5-0-0,-1,-1,False,False,0,c1,0,c1
225,2,1,1,2,2,2,0.2199780991919188,0.3340780578992688,0.4459438429088124,3-2-0,-1,-1,False,False,2,c5,2,c5
226,0,0,1,0,0,0,0.454269820190583,0.3973836856689244,0.1483464941404926,4-1-0,-1,-1,False,False,0,c1,0,c1
227,0,0,1,0,0,1,0.4224421560951517,0.4619275208621613,0.115630323042687,4-1-0,-1,-1,False,False,0,c1,0,c1
228,1,1,1,1,1,1,0.2659932894810134,0.4864970542258446,0.2475096562931419,5-0-0,-1,-1,False,False,1,c234,1,c234
229,1,2,0,0,1,2,0.3546455599539307,0.2672597197734537,0.3780947202726155,2-2-1,0,1,True,True,1,c234,0,c1
230,2,0,0,0,1,2,0.2438490588994518,0.2360006546722236,0.5201502864283246,3-1-1,-1,-1,False,False,0,c1,0,c1
231,0,0,1,1,0,0,0.4675737530286944,0.452745670604044,0.0796805763672615,3-2-0,-1,-1,False,False,0,c1,0,c1
232,1,1,0,0,1,1,0.211485446990398,0.4643010426620381,0.3242135103475638,3-2-0,-1,-1,False,False,1,c234,1,c234
233,0,0,0,0,1,0,0.4963900791348606,0.3078395988544509,0.1957703220106883,4-1-0,-1,-1,False,False,0,c1,0,c1
234,1,1,1,1,1,1,0.3218506427582477,0.4516162039166264,0.2265331533251259,5-0-0,-1,-1,False,False,1,c234,1,c234
235,0,0,0,0,0,0,0.5527834808925485,0.3625685136862598,0.0846480054211917,5-0-0,-1,-1,False,False,0,c1,0,c1
236,1,0,0,0,1,0,0.4462340992501002,0.3668829718012586,0.1868829289486411,3-2-0,-1,-1,False,False,0,c1,0,c1
237,2,2,2,2,2,2,0.1533448283080838,0.2088823545276151,0.6377728171643011,5-0-0,-1,-1,False,False,2,c5,2,c5
238,2,1,1,1,2,1,0.2140843062555554,0.4443419844861448,0.3415737092582998,3-2-0,-1,-1,False,False,1,c234,1,c234
239,0,2,1,0,1,1,0.3808799746917409,0.406311671506708,0.212808353801551,2-2-1,0,1,True,True,0,c1,1,c234
240,2,0,2,2,1,2,0.3225241776786759,0.3001305821403728,0.3773452401809513,3-1-1,-1,-1,False,False,2,c5,2,c5
241,1,0,1,1,0,1,0.3965797271369378,0.4117112139193835,0.1917090589436787,3-2-0,-1,-1,False,False,1,c234,1,c234
242,1,1,1,1,1,1,0.2790191589146308,0.5184840968062017,0.2024967442791674,5-0-0,-1,-1,False,False,1,c234,1,c234
243,2,2,2,2,2,2,0.1350620829103127,0.2280996050248777,0.6368383120648096,5-0-0,-1,-1,False,False,2,c5,2,c5
244,1,0,1,2,1,2,0.2961941034176668,0.2768256930297857,0.4269802035525475,3-1-1,-1,-1,False,False,1,c234,1,c234
245,1,1,1,1,1,1,0.1936281127283469,0.4086117940682934,0.3977600932033597,5-0-0,-1,-1,False,False,1,c234,1,c234
246,0,2,1,0,1,1,0.3808799746917409,0.406311671506708,0.212808353801551,2-2-1,0,1,True,True,0,c1,1,c234
247,2,2,2,1,2,2,0.1858361394475862,0.2495209922916103,0.5646428682608036,4-1-0,-1,-1,False,False,2,c5,2,c5
248,2,2,0,0,2,1,0.2633913217880867,0.4599022140565597,0.2767064641553536,3-2-0,-1,-1,False,False,2,c5,2,c5
249,0,2,0,0,1,0,0.3785855871906933,0.2465308385228204,0.3748835742864863,3-1-1,-1,-1,False,False,0,c1,0,c1
250,2,2,0,2,2,2,0.2090901923820182,0.2247595864713845,0.5661502211465972,4-1-0,-1,-1,False,False,2,c5,2,c5
251,1,2,1,1,2,1,0.3513296126145649,0.4592001081688844,0.1894702792165507,3-2-0,-1,-1,False,False,1,c234,1,c234
252,1,1,1,1,1,1,0.2307165952213778,0.5330378530761936,0.2362455517024286,5-0-0,-1,-1,False,False,1,c234,1,c234
253,0,0,0,0,0,0,0.4849905615902983,0.1359820626552997,0.3790273757544021,5-0-0,-1,-1,False,False,0,c1,0,c1
254,0,0,0,0,0,1,0.3862647511993081,0.4054881880869799,0.2082470607137119,5-0-0,-1,-1,False,False,0,c1,0,c1
255,1,0,2,2,0,2,0.3281031982073141,0.3180085240405081,0.3538882777521779,2-2-1,0,2,False,False,0,c1,0,c1
256,1,0,1,1,1,1,0.3638641294294612,0.5120044219025709,0.1241314486679678,4-1-0,-1,-1,False,False,1,c234,1,c234
257,0,0,2,2,0,0,0.3871907209896436,0.3470543359959265,0.2657549430144299,3-2-0,-1,-1,False,False,0,c1,0,c1
258,0,0,0,0,0,0,0.4971415430939016,0.3646723547498679,0.1381861021562306,5-0-0,-1,-1,False,False,0,c1,0,c1
259,0,0,0,0,1,0,0.4463322237375521,0.2055968241293597,0.348070952133088,4-1-0,-1,-1,False,False,0,c1,0,c1
260,0,0,0,0,1,1,0.2182194025471057,0.5365496990644415,0.2452308983884527,4-1-0,-1,-1,False,False,0,c1,0,c1
261,1,1,1,1,1,1,0.3084313424765193,0.5321414950282221,0.1594271624952586,5-0-0,-1,-1,False,False,1,c234,1,c234
262,2,2,1,2,2,2,0.0765734943896138,0.1635371289801807,0.7598893766302055,4-1-0,-1,-1,False,False,2,c5,2,c5
263,0,0,0,0,1,0,0.479680928700657,0.2984958161901759,0.221823255109167,4-1-0,-1,-1,False,False,0,c1,0,c1
264,0,0,0,1,0,0,0.4082076064112589,0.3419247985622251,0.2498675950265157,4-1-0,-1,-1,False,False,0,c1,0,c1
265,1,1,1,1,1,1,0.4115419700341294,0.4274138743552174,0.1610441556106532,5-0-0,-1,-1,False,False,1,c234,1,c234
266,2,2,2,2,1,2,0.2354763154685406,0.2094881087828722,0.5550355757485872,4-1-0,-1,-1,False,False,2,c5,2,c5
267,0,1,2,2,0,1,0.3158614683270055,0.3741972617537276,0.3099412699192668,2-2-1,0,2,False,False,0,c1,0,c1
268,1,0,2,2,1,2,0.1728813192535413,0.4124991930192003,0.4146194877272584,2-2-1,1,2,True,True,1,c234,2,c5
269,0,0,0,0,0,0,0.5054235501487536,0.3438914276078195,0.1506850222434269,5-0-0,-1,-1,False,False,0,c1,0,c1
270,1,1,0,0,1,1,0.3961953813690634,0.4700631040044862,0.1337415146264504,3-2-0,-1,-1,False,False,1,c234,1,c234
271,1,1,1,0,1,1,0.3495495625381231,0.4972955035512745,0.1531549339106025,4-1-0,-1,-1,False,False,1,c234,1,c234
272,0,0,1,1,0,0,0.5004646420735523,0.3222183218187323,0.1773170361077153,3-2-0,-1,-1,False,False,0,c1,0,c1
273,1,0,2,1,0,1,0.3017098513236655,0.4424822579685963,0.2558078907077379,2-2-1,0,1,True,False,1,c234,1,c234
274,0,0,0,0,1,0,0.4405421675930607,0.3451213381676,0.2143364942393392,4-1-0,-1,-1,False,False,0,c1,0,c1
275,0,0,0,0,0,0,0.6561344369741353,0.2171639963665484,0.1267015666593162,5-0-0,-1,-1,False,False,0,c1,0,c1
276,0,0,0,0,0,0,0.5093756673440659,0.3233049354178548,0.1673193972380793,5-0-0,-1,-1,False,False,0,c1,0,c1
277,2,2,2,2,1,2,0.3089302719676203,0.2791974689015159,0.4118722591308639,4-1-0,-1,-1,False,False,2,c5,2,c5
278,0,0,2,2,0,0,0.4639918164969133,0.3892920393710326,0.146716144132054,3-2-0,-1,-1,False,False,0,c1,0,c1
279,2,2,1,1,2,1,0.1464600499522845,0.510946257503714,0.3425936925440014,3-2-0,-1,-1,False,False,2,c5,2,c5
280,0,2,2,2,2,0,0.3891357790206558,0.2843071130955785,0.3265571078837656,4-1-0,-1,-1,False,False,2,c5,2,c5
281,0,1,0,1,0,1,0.3461608816629473,0.5193478079509481,0.1344913103861046,3-2-0,-1,-1,False,False,0,c1,0,c1
282,1,1,2,2,0,0,0.3836701121513919,0.2864625486760215,0.3298673391725866,2-2-1,1,2,True,True,1,c234,2,c5
283,0,0,0,0,0,0,0.5441560902209427,0.3777182801323104,0.0781256296467468,5-0-0,-1,-1,False,False,0,c1,0,c1
284,2,2,2,2,2,2,0.0267932331585552,0.3202514257639267,0.6529553410775181,5-0-0,-1,-1,False,False,2,c5,2,c5
285,1,2,1,0,1,1,0.339830181271618,0.4571240576742917,0.2030457610540902,3-1-1,-1,-1,False,False,1,c234,1,c234
286,1,2,1,2,2,1,0.1667087451431076,0.46288955481874,0.3704017000381523,3-2-0,-1,-1,False,False,2,c5,2,c5
287,2,2,1,1,2,2,0.1352244810528168,0.3827812066136824,0.4819943123335009,3-2-0,-1,-1,False,False,2,c5,2,c5
288,1,1,2,2,1,0,0.3732655785525556,0.3495500872566535,0.2771843341907909,3-2-0,-1,-1,False,False,1,c234,1,c234
289,0,0,0,1,1,0,0.4566739734044411,0.3325026908476401,0.2108233357479186,3-2-0,-1,-1,False,False,0,c1,0,c1
290,0,0,0,0,0,0,0.6894558826902151,0.2732107651954065,0.0373333521143782,5-0-0,-1,-1,False,False,0,c1,0,c1
291,2,2,2,2,2,2,0.034637209969717,0.0490853858197546,0.9162774042105282,5-0-0,-1,-1,False,False,2,c5,2,c5
292,2,2,0,2,2,2,0.1054629890962156,0.4049724586607929,0.4895645522429913,4-1-0,-1,-1,False,False,2,c5,2,c5
293,0,0,2,0,1,0,0.4021887277463377,0.2268224480406767,0.3709888242129857,3-1-1,-1,-1,False,False,0,c1,0,c1
294,0,1,0,0,0,1,0.4067580123765822,0.4424488611497917,0.1507931264736259,4-1-0,-1,-1,False,False,0,c1,0,c1
295,2,2,2,2,2,2,0.151721776972498,0.3404941818312631,0.5077840411962388,5-0-0,-1,-1,False,False,2,c5,2,c5
296,0,0,0,0,1,0,0.4136996610661413,0.3636431279656877,0.2226572109681709,4-1-0,-1,-1,False,False,0,c1,0,c1
297,1,2,1,1,2,2,0.078182637999706,0.3960760333316537,0.5257413286686402,3-2-0,-1,-1,False,False,1,c234,1,c234
298,1,1,0,2,2,2,0.1500648620042911,0.3657563027670694,0.4841788352286393,2-2-1,1,2,True,True,1,c234,2,c5
299,0,0,0,0,1,1,0.3376957394788075,0.3850314890148184,0.2772727715063742,4-1-0,-1,-1,False,False,0,c1,0,c1
300,0,0,0,2,1,1,0.3774936045718323,0.4110100066746732,0.2114963887534945,3-1-1,-1,-1,False,False,0,c1,0,c1
301,1,1,0,2,1,1,0.3538745076310194,0.4378710802847659,0.2082544120842145,3-1-1,-1,-1,False,False,1,c234,1,c234
302,2,2,2,2,2,2,0.0964418396353049,0.2454625108140601,0.6580956495506349,5-0-0,-1,-1,False,False,2,c5,2,c5
303,2,2,2,2,2,2,0.0914274683694443,0.2159755276052107,0.692597004025345,5-0-0,-1,-1,False,False,2,c5,2,c5
304,0,0,1,1,0,0,0.4269187858141032,0.3602264848214893,0.2128547293644074,3-2-0,-1,-1,False,False,0,c1,0,c1
305,1,1,2,0,1,0,0.3865406515173943,0.3599520638998654,0.2535072845827402,3-1-1,-1,-1,False,False,1,c234,1,c234
306,0,0,0,1,0,0,0.594914276105524,0.2698564032330468,0.1352293206614291,4-1-0,-1,-1,False,False,0,c1,0,c1
307,2,2,1,1,2,2,0.1477673129003766,0.26665904508556,0.5855736420140634,3-2-0,-1,-1,False,False,2,c5,2,c5
308,2,2,2,2,2,2,0.1476838392931045,0.1477559681509107,0.7045601925559848,5-0-0,-1,-1,False,False,2,c5,2,c5
309,0,0,0,0,1,0,0.5756595300932652,0.2643294071868156,0.1600110627199191,4-1-0,-1,-1,False,False,0,c1,0,c1
310,2,2,2,2,2,2,0.1101469283679633,0.3323894669017994,0.5574636047302373,5-0-0,-1,-1,False,False,2,c5,2,c5
311,2,2,2,1,1,2,0.2689295278348691,0.2319449706879494,0.4991255014771814,3-2-0,-1,-1,False,False,2,c5,2,c5
312,2,2,2,2,2,2,0.1688238580440857,0.2028465255430858,0.6283296164128284,5-0-0,-1,-1,False,False,2,c5,2,c5
313,0,0,2,0,0,0,0.4779935631978109,0.3530639733876344,0.1689424634145546,4-1-0,-1,-1,False,False,0,c1,0,c1
314,2,2,1,1,2,2,0.0958391346093422,0.3355543357217832,0.5686065296688745,3-2-0,-1,-1,False,False,2,c5,2,c5
315,2,2,2,2,2,2,0.1549781363900475,0.2844661806847211,0.5605556829252314,5-0-0,-1,-1,False,False,2,c5,2,c5
316,0,0,0,0,0,0,0.4955873934591515,0.3593409087833771,0.1450716977574712,5-0-0,-1,-1,False,False,0,c1,0,c1
317,2,2,2,2,1,2,0.3486222041157686,0.2040862419522432,0.447291553931988,4-1-0,-1,-1,False,False,2,c5,2,c5
318,1,0,0,0,1,1,0.3264606872253247,0.4672909640124407,0.2062483487622344,3-2-0,-1,-1,False,False,0,c1,0,c1
319,1,1,1,1,2,2,0.13337552320109,0.3792332846683016,0.4873911921306084,4-1-0,-1,-1,False,False,1,c234,1,c234
320,2,2,2,2,2,2,0.2065126239986511,0.3711194991342239,0.4223678768671249,5-0-0,-1,-1,False,False,2,c5,2,c5
321,2,2,1,1,2,2,0.0237836064191912,0.1162552877684026,0.859961105812406,3-2-0,-1,-1,False,False,2,c5,2,c5
322,0,0,0,0,0,0,0.7950046250215302,0.1544199836923045,0.0505753912861653,5-0-0,-1,-1,False,False,0,c1,0,c1
323,0,0,0,0,0,1,0.3140718818244865,0.4484342268881613,0.2374938912873521,5-0-0,-1,-1,False,False,0,c1,0,c1
324,1,2,0,0,1,2,0.24393216978399,0.3614778404521835,0.3945899897638263,2-2-1,0,1,True,False,1,c234,1,c234
325,2,2,2,2,2,2,0.1846202770270929,0.3241967146359182,0.4911830083369888,5-0-0,-1,-1,False,False,2,c5,2,c5
326,2,2,2,2,2,2,0.1549307536537258,0.2361835190319764,0.6088857273142978,5-0-0,-1,-1,False,False,2,c5,2,c5
327,2,2,2,2,2,2,0.0666077933382501,0.2070787035812754,0.7263135030804745,5-0-0,-1,-1,False,False,2,c5,2,c5
328,0,2,0,0,1,0,0.3939087000996314,0.3430180175783697,0.2630732823219988,3-1-1,-1,-1,False,False,0,c1,0,c1
329,1,0,0,0,0,1,0.2615294157351294,0.482437535912364,0.2560330483525065,4-1-0,-1,-1,False,False,0,c1,0,c1
330,2,2,1,1,1,0,0.5064720395512718,0.3054707057641297,0.1880572546845984,3-2-0,-1,-1,False,False,1,c234,1,c234
331,2,1,0,0,1,1,0.2987713556169478,0.4118262081550722,0.28940243622798,2-2-1,0,1,True,False,1,c234,1,c234
332,0,1,1,1,1,0,0.4678366942290386,0.3735330081971207,0.1586302975738406,4-1-0,-1,-1,False,False,1,c234,1,c234
333,2,2,2,2,2,2,0.2443784296513613,0.2032904884530217,0.5523310818956169,5-0-0,-1,-1,False,False,2,c5,2,c5
334,0,0,0,0,0,0,0.5717133059845575,0.322271856734328,0.1060148372811144,5-0-0,-1,-1,False,False,0,c1,0,c1
335,1,1,1,0,1,1,0.304635659445542,0.3723259124795404,0.3230384280749176,4-1-0,-1,-1,False,False,1,c234,1,c234
336,1,1,0,1,1,1,0.2080465811141806,0.5593501559888502,0.2326032628969691,4-1-0,-1,-1,False,False,1,c234,1,c234
337,1,1,1,0,1,0,0.4771993230257065,0.4056865252012762,0.1171141517730173,4-1-0,-1,-1,False,False,1,c234,1,c234
338,1,1,1,1,2,1,0.3345714589456527,0.4439391040344482,0.2214894370198988,4-1-0,-1,-1,False,False,1,c234,1,c234
339,2,2,2,0,1,2,0.2913440961476459,0.3511921968173971,0.357463707034957,3-1-1,-1,-1,False,False,2,c5,2,c5
340,0,0,0,0,1,0,0.4103909279954557,0.2396420426844364,0.3499670293201079,4-1-0,-1,-1,False,False,0,c1,0,c1
341,0,0,0,2,0,0,0.5055871531423496,0.3144919471248223,0.1799208997328282,4-1-0,-1,-1,False,False,0,c1,0,c1
342,0,0,0,0,0,0,0.477674058488714,0.3873283768277397,0.1349975646835462,5-0-0,-1,-1,False,False,0,c1,0,c1
343,0,0,1,1,0,0,0.4560848553588327,0.439684658509805,0.1042304861313623,3-2-0,-1,-1,False,False,0,c1,0,c1
344,2,2,0,2,2,2,0.3157523690108128,0.3046771518942386,0.3795704790949486,4-1-0,-1,-1,False,False,2,c5,2,c5
345,2,2,2,2,2,2,0.0184013124143901,0.2815892172936996,0.7000094702919102,5-0-0,-1,-1,False,False,2,c5,2,c5
346,1,1,1,1,1,1,0.35793411949709,0.4318366146913499,0.21022926581156,5-0-0,-1,-1,False,False,1,c234,1,c234
347,2,2,2,2,2,2,0.0141691968567954,0.1868819457322584,0.7989488574109461,5-0-0,-1,-1,False,False,2,c5,2,c5
348,1,1,1,0,1,0,0.5043995410467947,0.381671427270804,0.1139290316824011,4-1-0,-1,-1,False,False,1,c234,1,c234
349,2,2,2,2,2,2,0.0244424530986848,0.1469397550858894,0.8286177918154258,5-0-0,-1,-1,False,False,2,c5,2,c5
350,2,2,1,1,2,1,0.2241088647307154,0.4026752767325836,0.373215858536701,3-2-0,-1,-1,False,False,2,c5,2,c5
351,1,1,0,0,1,0,0.3929017116310599,0.3824905756764768,0.2246077126924633,3-2-0,-1,-1,False,False,1,c234,1,c234
352,2,2,2,2,2,2,0.0968216009904588,0.3048383820391145,0.5983400169704265,5-0-0,-1,-1,False,False,2,c5,2,c5
353,2,2,1,2,2,2,0.0988082042175654,0.2341527332643755,0.6670390625180589,4-1-0,-1,-1,False,False,2,c5,2,c5
354,1,1,1,1,1,0,0.5639666601420328,0.2810987620706442,0.1549345777873231,5-0-0,-1,-1,False,False,1,c234,1,c234
355,0,0,1,0,0,0,0.4290407410347249,0.3978648714801708,0.1730943874851042,4-1-0,-1,-1,False,False,0,c1,0,c1
356,0,0,0,0,1,0,0.6680067640821021,0.2536396376659969,0.0783535982519009,4-1-0,-1,-1,False,False,0,c1,0,c1
357,0,0,0,0,0,0,0.6148201129387008,0.3091226652364217,0.0760572218248775,5-0-0,-1,-1,False,False,0,c1,0,c1
358,1,1,1,2,1,1,0.3551766895656059,0.4379159529998265,0.2069073574345674,4-1-0,-1,-1,False,False,1,c234,1,c234
359,2,2,0,1,2,2,0.0880040410815466,0.3288158833957839,0.5831800755226694,3-1-1,-1,-1,False,False,2,c5,2,c5
360,2,2,0,2,2,1,0.2362701485514628,0.4011003668779001,0.3626294845706371,4-1-0,-1,-1,False,False,2,c5,2,c5
361,1,0,2,2,1,2,0.2363426433521948,0.3798011647256052,0.3838561919221998,2-2-1,1,2,True,True,1,c234,2,c5
362,1,1,1,2,1,1,0.1376871702453951,0.5152047053147928,0.347108124439812,4-1-0,-1,-1,False,False,1,c234,1,c234
363,0,0,0,2,1,2,0.2845744750446284,0.2738062599351379,0.4416192650202337,3-1-1,-1,-1,False,False,0,c1,0,c1
364,2,1,2,2,2,2,0.0699015530687365,0.2636447402061816,0.666453706725082,4-1-0,-1,-1,False,False,2,c5,2,c5
365,1,1,0,1,1,0,0.3775212965665396,0.3449771062253361,0.2775015972081243,4-1-0,-1,-1,False,False,1,c234,1,c234
366,1,2,2,2,2,1,0.3264927865155798,0.3634074128402874,0.3100998006441328,4-1-0,-1,-1,False,False,2,c5,2,c5
367,2,2,2,2,2,2,0.0357495426228982,0.4047604002801253,0.5594900570969764,5-0-0,-1,-1,False,False,2,c5,2,c5
368,1,0,0,0,1,0,0.4668439708555167,0.3266265136193612,0.2065295155251221,3-2-0,-1,-1,False,False,0,c1,0,c1
369,0,0,0,0,0,0,0.6252653015433073,0.2733583205377571,0.1013763779189354,5-0-0,-1,-1,False,False,0,c1,0,c1
370,0,0,0,0,0,0,0.6093890804849191,0.3218711415277192,0.0687397779873617,5-0-0,-1,-1,False,False,0,c1,0,c1
371,2,2,2,2,2,2,0.1454369653612137,0.3599063978929831,0.494656636745803,5-0-0,-1,-1,False,False,2,c5,2,c5
372,1,2,0,1,1,1,0.2793203164119244,0.4118020630931731,0.3088776204949024,3-1-1,-1,-1,False,False,1,c234,1,c234
373,2,2,0,1,2,2,0.1926570606884944,0.3316748524521753,0.4756680868593302,3-1-1,-1,-1,False,False,2,c5,2,c5
374,0,0,0,0,0,0,0.7426439530533816,0.1476703394295999,0.1096857075170185,5-0-0,-1,-1,False,False,0,c1,0,c1
375,2,1,2,2,1,2,0.2858891859834307,0.1771230180717817,0.5369877959447875,3-2-0,-1,-1,False,False,2,c5,2,c5
376,1,2,2,2,2,2,0.06532727548315,0.1580182330337422,0.7766544914831077,4-1-0,-1,-1,False,False,2,c5,2,c5
377,1,1,2,1,1,1,0.3376043878296114,0.3679677745701633,0.2944278376002253,4-1-0,-1,-1,False,False,1,c234,1,c234
378,2,2,2,2,1,2,0.1873069743122418,0.3588467184416082,0.4538463072461499,4-1-0,-1,-1,False,False,2,c5,2,c5
379,0,1,0,1,1,1,0.343201899016634,0.4968628429305446,0.1599352580528212,3-2-0,-1,-1,False,False,1,c234,1,c234
380,2,2,2,2,1,2,0.2690528781690136,0.2872456063075898,0.4437015155233966,4-1-0,-1,-1,False,False,2,c5,2,c5
381,0,0,0,0,0,0,0.5605285390140071,0.2878317914461626,0.1516396695398302,5-0-0,-1,-1,False,False,0,c1,0,c1
382,0,1,2,0,1,1,0.3632552518139265,0.4795637115449754,0.1571810366410981,2-2-1,0,1,True,True,0,c1,1,c234
383,1,1,1,1,2,1,0.1047010061236119,0.4739578970879279,0.42134109678846,4-1-0,-1,-1,False,False,1,c234,1,c234
384,2,2,2,2,2,2,0.2397390758904418,0.3099709670368746,0.4502899570726835,5-0-0,-1,-1,False,False,2,c5,2,c5
385,2,2,2,2,2,2,0.0723600158351015,0.2817567579207311,0.6458832262441674,5-0-0,-1,-1,False,False,2,c5,2,c5
386,0,0,0,0,1,0,0.4467670073331597,0.2223568038194966,0.3308761888473436,4-1-0,-1,-1,False,False,0,c1,0,c1
387,1,1,1,1,1,1,0.223926094648245,0.5665349193377153,0.2095389860140396,5-0-0,-1,-1,False,False,1,c234,1,c234
388,0,0,0,0,1,0,0.4933754058483817,0.3866879406452075,0.1199366535064106,4-1-0,-1,-1,False,False,0,c1,0,c1
389,2,2,2,2,2,2,0.0929259154109096,0.2610948162215858,0.6459792683675046,5-0-0,-1,-1,False,False,2,c5,2,c5
390,1,1,1,1,1,1,0.231367691017976,0.4896858389269592,0.2789464700550647,5-0-0,-1,-1,False,False,1,c234,1,c234
391,2,1,1,2,1,2,0.1147750075055135,0.3211095522836724,0.564115440210814,3-2-0,-1,-1,False,False,1,c234,1,c234
392,2,2,2,2,2,2,0.0473962030222452,0.2722556687271154,0.6803481282506393,5-0-0,-1,-1,False,False,2,c5,2,c5
393,0,0,0,0,0,0,0.5541844917478959,0.2615865560535107,0.1842289521985935,5-0-0,-1,-1,False,False,0,c1,0,c1
394,2,2,2,2,2,2,0.1303829411873989,0.1980351562635804,0.6715819025490207,5-0-0,-1,-1,False,False,2,c5,2,c5
395,2,2,0,0,2,2,0.1606565749147201,0.2529759133968541,0.5863675116884258,3-2-0,-1,-1,False,False,2,c5,2,c5
396,0,0,1,0,0,0,0.4416552636384496,0.3945945305724631,0.1637502057890873,4-1-0,-1,-1,False,False,0,c1,0,c1
397,1,1,0,0,1,1,0.392045683053191,0.4760249021367649,0.131929414810044,3-2-0,-1,-1,False,False,1,c234,1,c234
398,1,2,1,1,2,2,0.194646563510166,0.3744589912113149,0.4308944452785191,3-2-0,-1,-1,False,False,1,c234,1,c234
399,0,0,2,1,0,1,0.3142916435562167,0.4348883895324766,0.2508199669113065,3-1-1,-1,-1,False,False,0,c1,0,c1
400,2,0,0,2,1,0,0.5511202946559653,0.2990188830227916,0.1498608223212431,2-2-1,0,2,False,False,2,c5,2,c5
401,1,1,1,1,1,1,0.3511244415053774,0.4516238663070641,0.1972516921875585,5-0-0,-1,-1,False,False,1,c234,1,c234
402,1,2,2,2,2,2,0.1565993315545194,0.3171126017294409,0.5262880667160397,4-1-0,-1,-1,False,False,2,c5,2,c5
403,2,2,1,2,2,2,0.0186816487978995,0.178375227387371,0.8029431238147294,4-1-0,-1,-1,False,False,2,c5,2,c5
404,0,0,1,1,1,1,0.3400917128372599,0.4072352816982426,0.2526730054644974,3-2-0,-1,-1,False,False,1,c234,1,c234
405,2,2,2,2,2,2,0.0745856714096423,0.3909918429528862,0.5344224856374713,5-0-0,-1,-1,False,False,2,c5,2,c5
406,0,0,0,2,0,0,0.5178128061260804,0.2654594088596988,0.2167277850142208,4-1-0,-1,-1,False,False,0,c1,0,c1
407,2,2,2,2,2,2,0.1757624263750443,0.3257325325799916,0.4985050410449641,5-0-0,-1,-1,False,False,2,c5,2,c5
408,0,0,0,0,0,0,0.468488837026815,0.4061863640482778,0.1253247989249071,5-0-0,-1,-1,False,False,0,c1,0,c1
409,0,0,2,2,0,0,0.5884567699899691,0.2219397191836627,0.1896035108263681,3-2-0,-1,-1,False,False,0,c1,0,c1
410,1,2,1,1,1,1,0.2234654895391279,0.5572842050655593,0.2192503053953127,4-1-0,-1,-1,False,False,1,c234,1,c234
411,2,1,0,0,1,1,0.2618174656378364,0.4238319439454254,0.3143505904167381,2-2-1,0,1,True,False,1,c234,1,c234
412,0,1,2,1,1,2,0.280009469544527,0.3463569555764005,0.3736335748790724,3-1-1,-1,-1,False,False,1,c234,1,c234
413,2,2,2,2,1,2,0.1705336373310955,0.3171049706096807,0.5123613920592237,4-1-0,-1,-1,False,False,2,c5,2,c5
414,2,2,2,2,2,2,0.1667854728551221,0.1493778348751843,0.6838366922696936,5-0-0,-1,-1,False,False,2,c5,2,c5
415,1,0,0,0,0,0,0.4476214145789988,0.3856854099954379,0.166693175425563,4-1-0,-1,-1,False,False,0,c1,0,c1
416,0,0,0,0,0,0,0.5119184636258644,0.3913532771301654,0.0967282592439702,5-0-0,-1,-1,False,False,0,c1,0,c1
417,1,1,0,0,1,1,0.2210566263025895,0.5391643596333179,0.2397790140640927,3-2-0,-1,-1,False,False,1,c234,1,c234
418,2,2,0,0,2,2,0.229202667449745,0.1725051231344866,0.5982922094157682,3-2-0,-1,-1,False,False,2,c5,2,c5
419,1,2,2,1,1,2,0.204850081231909,0.392785679491599,0.402364239276492,3-2-0,-1,-1,False,False,1,c234,1,c234
420,0,0,0,1,0,0,0.4450999074492724,0.4313003121796044,0.123599780371123,4-1-0,-1,-1,False,False,0,c1,0,c1
421,2,1,2,2,1,2,0.0886060683045144,0.3222140161802483,0.5891799155152373,3-2-0,-1,-1,False,False,2,c5,2,c5
422,1,1,1,1,1,1,0.1545591679973606,0.5072751456164447,0.3381656863861946,5-0-0,-1,-1,False,False,1,c234,1,c234
423,2,2,2,2,1,2,0.1002769034478137,0.223099533610349,0.6766235629418371,4-1-0,-1,-1,False,False,2,c5,2,c5
424,1,1,0,0,1,1,0.3436053063053859,0.4382323496997451,0.2181623439948689,3-2-0,-1,-1,False,False,1,c234,1,c234
425,0,0,0,0,0,0,0.5527528667197841,0.2955784971935314,0.1516686360866844,5-0-0,-1,-1,False,False,0,c1,0,c1
426,2,2,2,2,2,2,0.020867881317181,0.1064166009238336,0.8727155177589853,5-0-0,-1,-1,False,False,2,c5,2,c5
427,1,1,0,0,0,0,0.4666846585652921,0.4183334242634311,0.1149819171712767,3-2-0,-1,-1,False,False,0,c1,0,c1
428,2,2,1,2,2,2,0.1204931608309089,0.340021056138338,0.539485783030753,4-1-0,-1,-1,False,False,2,c5,2,c5
429,0,1,0,1,0,0,0.485327599291472,0.4461234064161116,0.0685489942924162,3-2-0,-1,-1,False,False,0,c1,0,c1
430,1,2,2,0,1,2,0.1155643843706596,0.3194829909033952,0.564952624725945,2-2-1,1,2,True,True,1,c234,2,c5
431,1,1,0,0,1,1,0.3470064386119485,0.4807719972536167,0.1722215641344347,3-2-0,-1,-1,False,False,1,c234,1,c234
432,1,1,0,0,1,1,0.3472229975508342,0.4569595629700176,0.1958174394791481,3-2-0,-1,-1,False,False,1,c234,1,c234
433,1,1,1,1,1,1,0.1413554619528902,0.4827742770438117,0.375870261003298,5-0-0,-1,-1,False,False,1,c234,1,c234
434,2,2,2,2,2,2,0.0958861333337506,0.2254047566424724,0.6787091100237771,5-0-0,-1,-1,False,False,2,c5,2,c5
435,1,1,1,1,1,1,0.2470769903189783,0.4592251495565091,0.2936978601245125,5-0-0,-1,-1,False,False,1,c234,1,c234
436,1,1,1,1,1,2,0.1770327321284736,0.3727707237470851,0.4501965441244414,5-0-0,-1,-1,False,False,1,c234,1,c234
437,0,0,1,1,0,0,0.5064355642867809,0.3917254299214603,0.1018390057917586,3-2-0,-1,-1,False,False,0,c1,0,c1
438,0,0,1,0,0,0,0.5895582781952768,0.322339771576775,0.088101950227948,4-1-0,-1,-1,False,False,0,c1,0,c1
439,2,0,0,0,1,0,0.5071055303579115,0.296478873969518,0.1964155956725704,3-1-1,-1,-1,False,False,0,c1,0,c1
440,1,1,0,0,1,1,0.365505394831124,0.3899581165917117,0.2445364885771642,3-2-0,-1,-1,False,False,1,c234,1,c234
441,2,2,0,2,2,2,0.1153149527009962,0.2126151045731184,0.6720699427258854,4-1-0,-1,-1,False,False,2,c5,2,c5
442,1,1,1,1,2,1,0.3013538378773749,0.4269268777943463,0.2717192843282787,4-1-0,-1,-1,False,False,1,c234,1,c234
443,0,1,0,0,1,0,0.3654927381106191,0.3004810210916411,0.3340262407977397,3-2-0,-1,-1,False,False,0,c1,0,c1
444,1,1,1,1,1,1,0.2535931675753023,0.4689411937913528,0.2774656386333448,5-0-0,-1,-1,False,False,1,c234,1,c234
445,0,0,0,0,0,0,0.457488504318596,0.4386217829217955,0.1038897127596085,5-0-0,-1,-1,False,False,0,c1,0,c1
446,2,2,2,2,2,2,0.2659776531911831,0.3621365329207274,0.3718858138880894,5-0-0,-1,-1,False,False,2,c5,2,c5
447,0,0,0,0,0,0,0.6911392364538459,0.2605715366137532,0.0482892269324009,5-0-0,-1,-1,False,False,0,c1,0,c1
448,2,1,0,1,2,1,0.2345050021981571,0.4081357516920328,0.3573592461098101,2-2-1,1,2,True,True,2,c5,1,c234
449,0,0,0,0,1,1,0.3996000112132604,0.4161273813613654,0.1842726074253741,4-1-0,-1,-1,False,False,0,c1,0,c1
450,0,1,2,0,1,1,0.3093307274827613,0.4449658091207827,0.2457034633964559,2-2-1,0,1,True,True,0,c1,1,c234
451,0,2,1,0,1,1,0.391800707393301,0.3994795163567659,0.2087197762499331,2-2-1,0,1,True,True,0,c1,1,c234
452,0,0,2,0,0,0,0.6045989080217835,0.3433146272992701,0.0520864646789464,4-1-0,-1,-1,False,False,0,c1,0,c1
453,2,2,2,2,2,2,0.0173813637319395,0.0510741981808624,0.931544438087198,5-0-0,-1,-1,False,False,2,c5,2,c5
454,1,1,1,1,1,1,0.3830915009385754,0.4749063451513495,0.1420021539100752,5-0-0,-1,-1,False,False,1,c234,1,c234
455,2,2,1,2,1,2,0.2509210033802804,0.3674730013568419,0.3816059952628776,3-2-0,-1,-1,False,False,2,c5,2,c5
456,1,1,1,1,1,0,0.4075184062134193,0.3938729845537906,0.19860860923279,5-0-0,-1,-1,False,False,1,c234,1,c234
457,0,0,0,0,0,0,0.7409858664656896,0.1891429419643655,0.0698711915699448,5-0-0,-1,-1,False,False,0,c1,0,c1
458,0,0,2,1,0,1,0.3716567745970519,0.4509106115399412,0.177432613863007,3-1-1,-1,-1,False,False,0,c1,0,c1
459,0,0,0,0,0,1,0.271605912448602,0.4250071832958466,0.3033869042555512,5-0-0,-1,-1,False,False,0,c1,0,c1
460,2,2,2,2,2,2,0.1478592254945587,0.415644354669981,0.4364964198354602,5-0-0,-1,-1,False,False,2,c5,2,c5
461,1,2,2,1,1,1,0.2418222005907451,0.5004449835311261,0.2577328158781288,3-2-0,-1,-1,False,False,1,c234,1,c234
462,0,0,1,0,1,0,0.5575691123335111,0.3050568293704956,0.137374058295993,3-2-0,-1,-1,False,False,0,c1,0,c1
463,0,0,1,0,1,0,0.5595055842959994,0.2994086515755035,0.1410857641284972,3-2-0,-1,-1,False,False,0,c1,0,c1
464,2,2,2,2,2,2,0.0367880464098222,0.3533220619676062,0.6098898916225716,5-0-0,-1,-1,False,False,2,c5,2,c5
465,2,2,1,1,1,1,0.3470645953229612,0.4136433613890316,0.2392920432880072,3-2-0,-1,-1,False,False,1,c234,1,c234
466,0,1,2,1,1,0,0.4615502290390507,0.3957558780997435,0.1426938928612057,3-1-1,-1,-1,False,False,1,c234,1,c234
467,0,0,0,0,1,1,0.310734050873065,0.3556934414620661,0.3335725076648688,4-1-0,-1,-1,False,False,0,c1,0,c1
468,1,1,2,1,2,1,0.2413291289010969,0.4822894702087454,0.2763814008901575,3-2-0,-1,-1,False,False,1,c234,1,c234
469,0,2,1,1,1,1,0.3253779533075776,0.4076423806129343,0.266979666079488,3-1-1,-1,-1,False,False,1,c234,1,c234
470,2,2,2,2,2,2,0.2793452354258782,0.1423450562942458,0.5783097082798759,5-0-0,-1,-1,False,False,2,c5,2,c5
471,1,1,1,1,1,1,0.2216123851396723,0.5348751518076242,0.2435124630527034,5-0-0,-1,-1,False,False,1,c234,1,c234
472,1,1,1,1,1,1,0.4097732258573072,0.4383073738998293,0.1519194002428634,5-0-0,-1,-1,False,False,1,c234,1,c234
473,1,1,1,0,2,2,0.1839005282449521,0.3668476949845957,0.4492517767704521,3-1-1,-1,-1,False,False,1,c234,1,c234
474,0,0,1,1,1,2,0.2770096764207777,0.3319623891430402,0.391027934436182,3-2-0,-1,-1,False,False,1,c234,1,c234
475,1,0,1,1,1,1,0.2510894769186514,0.3786246864955444,0.370285836585804,4-1-0,-1,-1,False,False,1,c234,1,c234
476,1,1,0,2,1,1,0.1215182824453063,0.4941784839675715,0.3843032335871222,3-1-1,-1,-1,False,False,1,c234,1,c234
477,1,1,0,1,1,1,0.3391626417450247,0.5099209126171915,0.1509164456377838,4-1-0,-1,-1,False,False,1,c234,1,c234
478,0,0,0,0,0,0,0.6208167034089154,0.2540993488874435,0.1250839477036411,5-0-0,-1,-1,False,False,0,c1,0,c1
479,0,1,1,1,0,1,0.3209416710537717,0.4278469336773959,0.2512113952688323,3-2-0,-1,-1,False,False,1,c234,1,c234
480,0,0,0,1,0,0,0.7093961590402799,0.2620576502221519,0.0285461907375682,4-1-0,-1,-1,False,False,0,c1,0,c1
481,2,2,2,2,2,1,0.3217757450919876,0.350202171585745,0.3280220833222674,5-0-0,-1,-1,False,False,2,c5,2,c5
482,2,2,1,2,2,1,0.3447393156993139,0.3659162981307974,0.2893443861698887,4-1-0,-1,-1,False,False,2,c5,2,c5
483,1,2,0,1,2,1,0.2589560068778975,0.4892573643108185,0.2517866288112838,2-2-1,1,2,True,False,1,c234,1,c234
484,2,1,1,1,1,1,0.2500178925530946,0.5046802516229423,0.245301855823963,4-1-0,-1,-1,False,False,1,c234,1,c234
485,0,0,0,1,0,0,0.4807187908928186,0.3824912605100274,0.1367899485971541,4-1-0,-1,-1,False,False,0,c1,0,c1
486,1,1,1,2,1,2,0.2340722883346573,0.315209473808925,0.4507182378564177,4-1-0,-1,-1,False,False,1,c234,1,c234
487,0,0,0,0,0,0,0.4850461753571046,0.4215183173171959,0.0934355073256994,5-0-0,-1,-1,False,False,0,c1,0,c1
488,0,0,1,1,1,0,0.5198588737594895,0.3738009340256626,0.106340192214848,3-2-0,-1,-1,False,False,1,c234,1,c234
489,1,0,0,0,0,0,0.5256114247226996,0.3054470859726257,0.1689414893046746,4-1-0,-1,-1,False,False,0,c1,0,c1
490,1,1,1,1,1,1,0.2615385934619869,0.5003278072901135,0.2381335992478995,5-0-0,-1,-1,False,False,1,c234,1,c234
491,1,1,0,2,1,2,0.3436521737187564,0.2868518729602921,0.3694959533209515,3-1-1,-1,-1,False,False,1,c234,1,c234
492,1,2,1,0,2,2,0.1874013019425395,0.3869710845947894,0.4256276134626708,2-2-1,1,2,True,True,1,c234,2,c5
493,2,2,1,2,2,2,0.1117104750840535,0.3482760600645617,0.5400134648513848,4-1-0,-1,-1,False,False,2,c5,2,c5
494,0,0,1,1,0,1,0.3773338066017483,0.4794464347580702,0.1432197586401813,3-2-0,-1,-1,False,False,0,c1,0,c1
495,2,2,2,2,2,2,0.1163959184842853,0.2075488244900483,0.6760552570256663,5-0-0,-1,-1,False,False,2,c5,2,c5
496,1,1,0,2,1,1,0.3028740253350779,0.4162600250257252,0.2808659496391968,3-1-1,-1,-1,False,False,1,c234,1,c234
497,0,1,2,0,1,1,0.2544601304070185,0.4837064186186402,0.2618334509743413,2-2-1,0,1,True,True,0,c1,1,c234
498,2,2,1,1,1,0,0.3822318300577366,0.2807070192197294,0.3370611507225339,3-2-0,-1,-1,False,False,1,c234,1,c234
499,2,2,0,2,1,2,0.1512963089439843,0.3510452138553679,0.4976584772006478,3-1-1,-1,-1,False,False,2,c5,2,c5
500,1,0,0,2,0,1,0.390474098015978,0.4125109536898746,0.1970149482941473,3-1-1,-1,-1,False,False,0,c1,0,c1
501,1,2,2,2,1,2,0.192460709012213,0.3578644093632505,0.4496748816245365,3-2-0,-1,-1,False,False,2,c5,2,c5
502,2,2,2,1,1,1,0.267648834802417,0.3716843393875397,0.3606668258100432,3-2-0,-1,-1,False,False,2,c5,2,c5
503,0,0,0,0,0,0,0.6030781163299329,0.2235455270739942,0.1733763565960728,5-0-0,-1,-1,False,False,0,c1,0,c1
504,0,2,1,1,1,1,0.3253577730887774,0.407890858879486,0.2667513680317365,3-1-1,-1,-1,False,False,1,c234,1,c234
505,1,0,0,1,1,0,0.5244499058391359,0.2919894263979511,0.183560667762913,3-2-0,-1,-1,False,False,1,c234,1,c234
506,2,2,2,2,2,2,0.2318373685417002,0.2389048666171357,0.5292577648411639,5-0-0,-1,-1,False,False,2,c5,2,c5
507,1,0,1,1,0,1,0.3544698335693473,0.5044801635917788,0.1410500028388738,3-2-0,-1,-1,False,False,1,c234,1,c234
508,2,1,2,2,1,1,0.2971570399204223,0.3609425342703337,0.3419004258092441,3-2-0,-1,-1,False,False,2,c5,2,c5
509,0,0,1,1,0,1,0.2813619656339382,0.5459928287587222,0.1726452056073396,3-2-0,-1,-1,False,False,0,c1,0,c1
510,2,2,1,2,2,2,0.1216964574396616,0.3153099924085336,0.5629935501518047,4-1-0,-1,-1,False,False,2,c5,2,c5
511,0,0,0,0,0,0,0.4594804712535547,0.2846630379233079,0.2558564908231374,5-0-0,-1,-1,False,False,0,c1,0,c1
512,0,0,2,2,1,2,0.2319352593159863,0.2219093188833512,0.5461554218006625,2-2-1,0,2,False,False,0,c1,0,c1
513,0,0,0,0,0,0,0.5991540523118548,0.2987922404469462,0.102053707241199,5-0-0,-1,-1,False,False,0,c1,0,c1
514,2,2,1,2,2,2,0.1479812724167091,0.1757321090935128,0.6762866184897781,4-1-0,-1,-1,False,False,2,c5,2,c5
515,2,2,1,1,2,1,0.337268340334243,0.402476491170594,0.2602551684951631,3-2-0,-1,-1,False,False,2,c5,2,c5
516,0,2,0,0,1,0,0.4508940020859883,0.3072086455932787,0.2418973523207327,3-1-1,-1,-1,False,False,0,c1,0,c1
517,2,2,2,2,2,2,0.1200692828118889,0.3383909031551423,0.5415398140329688,5-0-0,-1,-1,False,False,2,c5,2,c5
518,2,2,2,2,2,2,0.1491538657960169,0.2706438161352978,0.5802023180686853,5-0-0,-1,-1,False,False,2,c5,2,c5
519,0,0,0,0,0,0,0.7463539734648689,0.1874680041006965,0.0661780224344346,5-0-0,-1,-1,False,False,0,c1,0,c1
520,0,0,0,0,1,1,0.3361982320258341,0.4489109315804153,0.2148908363937504,4-1-0,-1,-1,False,False,0,c1,0,c1
521,2,2,2,2,1,2,0.2885660003987694,0.2880732667698923,0.4233607328313383,4-1-0,-1,-1,False,False,2,c5,2,c5
522,1,1,1,1,1,1,0.2782853596676098,0.469351586496415,0.2523630538359752,5-0-0,-1,-1,False,False,1,c234,1,c234
523,0,0,1,1,0,0,0.4728699260113968,0.4348312601465069,0.0922988138420962,3-2-0,-1,-1,False,False,0,c1,0,c1
524,0,0,1,1,0,1,0.4119225354690621,0.4957828583778104,0.0922946061531274,3-2-0,-1,-1,False,False,0,c1,0,c1
525,0,1,1,1,0,1,0.3096689337938502,0.4783674971488225,0.2119635690573272,3-2-0,-1,-1,False,False,1,c234,1,c234
526,1,0,0,0,1,1,0.4003553378320628,0.4012849740074278,0.1983596881605094,3-2-0,-1,-1,False,False,0,c1,0,c1
527,2,2,1,1,2,2,0.3783388130012159,0.2080350611573065,0.4136261258414774,3-2-0,-1,-1,False,False,2,c5,2,c5
528,1,1,1,1,1,1,0.2610744983383609,0.3819302230491974,0.3569952786124415,5-0-0,-1,-1,False,False,1,c234,1,c234
529,0,0,0,1,1,1,0.3105953351753727,0.5133055402700422,0.1760991245545852,3-2-0,-1,-1,False,False,0,c1,0,c1
530,1,1,2,1,1,1,0.346430668660222,0.4377423354597973,0.2158269958799807,4-1-0,-1,-1,False,False,1,c234,1,c234
531,1,2,0,0,1,0,0.3444789621185186,0.3442057412727429,0.3113152966087384,2-2-1,0,1,True,True,1,c234,0,c1
532,2,1,2,2,2,2,0.1105416674109382,0.2607460192949077,0.628712313294154,4-1-0,-1,-1,False,False,2,c5,2,c5
533,0,2,2,2,1,0,0.4466589864731827,0.2501556928957494,0.3031853206310679,3-1-1,-1,-1,False,False,2,c5,2,c5
534,1,1,2,1,2,2,0.0539029341059563,0.4006323955502786,0.545464670343765,3-2-0,-1,-1,False,False,1,c234,1,c234
535,2,1,1,1,1,0,0.3732559129616049,0.2694704169132049,0.3572736701251903,4-1-0,-1,-1,False,False,1,c234,1,c234
536,1,0,0,1,0,0,0.5080958141887365,0.3472534115368917,0.1446507742743716,3-2-0,-1,-1,False,False,0,c1,0,c1
537,1,1,1,1,1,1,0.2307420597202335,0.4760017619472146,0.2932561783325519,5-0-0,-1,-1,False,False,1,c234,1,c234
538,0,0,1,1,1,1,0.3269079719641363,0.349044681148093,0.3240473468877706,3-2-0,-1,-1,False,False,1,c234,1,c234
539,0,0,0,0,0,0,0.5429056968416577,0.341050598527229,0.1160437046311132,5-0-0,-1,-1,False,False,0,c1,0,c1
540,2,2,2,2,2,2,0.2148127247445053,0.292755243453381,0.4924320318021136,5-0-0,-1,-1,False,False,2,c5,2,c5
541,0,0,0,0,0,0,0.594332736375463,0.2915702937482059,0.1140969698763309,5-0-0,-1,-1,False,False,0,c1,0,c1
542,2,2,2,2,2,2,0.0562162231320834,0.1344612018805024,0.8093225749874142,5-0-0,-1,-1,False,False,2,c5,2,c5
543,2,2,2,0,2,1,0.3008246733893031,0.4110029403115249,0.2881723862991719,4-1-0,-1,-1,False,False,2,c5,2,c5
544,1,1,2,2,0,0,0.4119921222054764,0.3373888632131115,0.250619014581412,2-2-1,1,2,True,False,1,c234,1,c234
545,1,1,0,1,1,1,0.3617941494832611,0.5171087169423474,0.1210971335743914,4-1-0,-1,-1,False,False,1,c234,1,c234
546,1,0,0,0,2,0,0.4132744400161341,0.35842407644164,0.2283014835422259,3-1-1,-1,-1,False,False,0,c1,0,c1
547,1,1,1,1,1,1,0.3109920058473698,0.3929448160039528,0.2960631781486771,5-0-0,-1,-1,False,False,1,c234,1,c234
548,2,2,2,2,2,2,0.2306643307050234,0.3011001796353349,0.4682354896596415,5-0-0,-1,-1,False,False,2,c5,2,c5
549,2,2,2,2,2,2,0.0550434205599585,0.3284074788754186,0.6165491005646229,5-0-0,-1,-1,False,False,2,c5,2,c5
550,2,2,2,2,2,2,0.3228767064887494,0.1924575321464371,0.4846657613648135,5-0-0,-1,-1,False,False,2,c5,2,c5
551,1,1,2,1,1,1,0.290873870765993,0.4356418250187518,0.2734843042152551,4-1-0,-1,-1,False,False,1,c234,1,c234
552,2,2,1,2,2,2,0.1878267500908303,0.259850107931839,0.5523231419773306,4-1-0,-1,-1,False,False,2,c5,2,c5
553,1,1,1,0,1,2,0.1445681548405435,0.3999321264666702,0.4554997186927862,4-1-0,-1,-1,False,False,1,c234,1,c234
554,2,2,2,2,1,2,0.0841354032725239,0.1696265608323088,0.7462380358951671,4-1-0,-1,-1,False,False,2,c5,2,c5
555,1,1,1,0,1,0,0.4273512885488092,0.3897257469782308,0.1829229644729599,4-1-0,-1,-1,False,False,1,c234,1,c234
556,1,1,1,1,2,2,0.1627557617634568,0.237532021276777,0.5997122169597661,4-1-0,-1,-1,False,False,1,c234,1,c234
557,2,2,2,2,1,2,0.3126211057318592,0.3170600073315325,0.3703188869366082,4-1-0,-1,-1,False,False,2,c5,2,c5
558,2,2,2,0,2,2,0.1626491430014856,0.2846925531349091,0.5526583038636053,4-1-0,-1,-1,False,False,2,c5,2,c5
559,1,1,2,1,1,1,0.1771005878389633,0.486965107858049,0.3359343043029877,4-1-0,-1,-1,False,False,1,c234,1,c234
560,2,2,2,2,2,2,0.043024265935944,0.1913675493922024,0.7656081846718534,5-0-0,-1,-1,False,False,2,c5,2,c5
561,0,0,0,0,0,0,0.648669690682454,0.265240384621129,0.0860899246964171,5-0-0,-1,-1,False,False,0,c1,0,c1
562,2,2,2,2,2,2,0.0121145387440468,0.2692069727457011,0.7186784885102521,5-0-0,-1,-1,False,False,2,c5,2,c5
563,2,2,2,2,2,2,0.1823727257527637,0.3465476440463305,0.4710796302009059,5-0-0,-1,-1,False,False,2,c5,2,c5
564,1,1,1,1,1,2,0.2523201211859998,0.3708395184808962,0.376840360333104,5-0-0,-1,-1,False,False,1,c234,1,c234
565,0,1,1,1,1,1,0.2465776631040862,0.5536401338479144,0.1997822030479992,4-1-0,-1,-1,False,False,1,c234,1,c234
566,2,2,1,1,2,1,0.3438939068361243,0.3700493673844546,0.2860567257794211,3-2-0,-1,-1,False,False,2,c5,2,c5
567,2,2,1,2,2,1,0.0961107721909091,0.4655121149277952,0.4383771128812955,4-1-0,-1,-1,False,False,2,c5,2,c5
568,1,1,1,1,1,1,0.2576758877884548,0.459805745912106,0.2825183662994391,5-0-0,-1,-1,False,False,1,c234,1,c234
569,2,2,2,2,2,2,0.0518338057444839,0.4644777474747811,0.4836884467807351,5-0-0,-1,-1,False,False,2,c5,2,c5
570,1,1,1,1,1,1,0.2639200855213529,0.4664283224118774,0.2696515920667697,5-0-0,-1,-1,False,False,1,c234,1,c234
571,2,2,2,2,2,2,0.098617094934557,0.2617633659534172,0.6396195391120256,5-0-0,-1,-1,False,False,2,c5,2,c5
572,1,1,2,1,2,2,0.1000287909519507,0.3929742888211343,0.5069969202269149,3-2-0,-1,-1,False,False,1,c234,1,c234
573,0,0,0,0,1,0,0.421901572319614,0.2387837137211115,0.3393147139592744,4-1-0,-1,-1,False,False,0,c1,0,c1
574,2,2,2,2,2,2,0.1752033508842404,0.3337864584515857,0.4910101906641737,5-0-0,-1,-1,False,False,2,c5,2,c5
575,2,1,2,2,1,2,0.1750799335072362,0.3539735258933156,0.470946540599448,3-2-0,-1,-1,False,False,2,c5,2,c5
576,0,0,0,1,1,0,0.4563657835874756,0.3325927978803457,0.2110414185321787,3-2-0,-1,-1,False,False,0,c1,0,c1
577,1,1,1,2,1,1,0.1990887347807781,0.4680087334142552,0.3329025318049665,4-1-0,-1,-1,False,False,1,c234,1,c234
578,1,1,1,1,1,1,0.2319547568502158,0.4340367696183334,0.3340084735314507,5-0-0,-1,-1,False,False,1,c234,1,c234
579,1,0,1,1,1,0,0.6220379445203638,0.2752201732767512,0.1027418822028851,4-1-0,-1,-1,False,False,1,c234,1,c234
580,2,2,2,2,2,1,0.1445032054872995,0.5393908042679363,0.3161059902447642,5-0-0,-1,-1,False,False,2,c5,2,c5
581,2,1,2,2,2,1,0.1303341631965987,0.4936805992767899,0.3759852375266113,4-1-0,-1,-1,False,False,2,c5,2,c5
582,0,0,0,0,0,0,0.5243742636003055,0.3621387588881672,0.1134869775115272,5-0-0,-1,-1,False,False,0,c1,0,c1
583,0,0,0,0,0,0,0.6343271942714958,0.2759692675281625,0.0897035382003417,5-0-0,-1,-1,False,False,0,c1,0,c1
584,1,1,1,1,1,2,0.0865090592338033,0.4143269471128736,0.4991639936533231,5-0-0,-1,-1,False,False,1,c234,1,c234
585,2,2,2,2,2,2,0.0267002279448245,0.3207018727908444,0.652597899264331,5-0-0,-1,-1,False,False,2,c5,2,c5
586,0,2,1,0,1,1,0.3808799746917409,0.406311671506708,0.212808353801551,2-2-1,0,1,True,True,0,c1,1,c234
587,2,2,1,1,1,1,0.3941203460298795,0.3992044502305968,0.2066752037395236,3-2-0,-1,-1,False,False,1,c234,1,c234
588,0,0,1,0,0,0,0.66234030263389,0.3053215286629545,0.0323381687031555,4-1-0,-1,-1,False,False,0,c1,0,c1
589,2,2,2,2,2,2,0.0968213811124145,0.2930387881271708,0.6101398307604147,5-0-0,-1,-1,False,False,2,c5,2,c5
590,2,2,1,1,2,2,0.0580121912206675,0.4056445975193338,0.5363432112599987,3-2-0,-1,-1,False,False,2,c5,2,c5
591,2,2,0,2,2,0,0.4583413621013591,0.1949286842431467,0.3467299536554942,4-1-0,-1,-1,False,False,2,c5,2,c5
592,0,0,1,1,1,1,0.3320198183422174,0.3850439573608705,0.282936224296912,3-2-0,-1,-1,False,False,1,c234,1,c234
593,2,1,1,1,2,1,0.1941706844860568,0.4030264743180957,0.4028028411958475,3-2-0,-1,-1,False,False,1,c234,1,c234
594,2,2,2,2,2,2,0.050183293777535,0.2955250092970917,0.6542916969253733,5-0-0,-1,-1,False,False,2,c5,2,c5
595,2,2,1,1,2,2,0.0425445440187985,0.2497166842533798,0.7077387717278217,3-2-0,-1,-1,False,False,2,c5,2,c5
596,1,1,1,1,0,1,0.1991410225835119,0.6098139160330032,0.1910450613834847,4-1-0,-1,-1,False,False,1,c234,1,c234
597,0,0,0,0,1,0,0.5358782962843043,0.2749052814836048,0.1892164222320909,4-1-0,-1,-1,False,False,0,c1,0,c1
598,2,2,2,2,2,2,0.0325375169209577,0.2461830662668688,0.7212794168121734,5-0-0,-1,-1,False,False,2,c5,2,c5
599,2,2,2,2,2,1,0.1378180909141909,0.4322486667255167,0.4299332423602923,5-0-0,-1,-1,False,False,2,c5,2,c5
600,0,0,0,0,0,0,0.6181388061848982,0.2864628999801337,0.095398293834968,5-0-0,-1,-1,False,False,0,c1,0,c1
601,0,2,2,2,2,2,0.0922601483695917,0.3708232624430281,0.5369165891873801,4-1-0,-1,-1,False,False,2,c5,2,c5
602,2,1,1,1,2,2,0.1737071064017113,0.4073470424279303,0.4189458511703584,3-2-0,-1,-1,False,False,1,c234,1,c234
603,1,1,0,0,1,0,0.3998284471382463,0.3542499927530377,0.245921560108716,3-2-0,-1,-1,False,False,1,c234,1,c234
604,0,0,0,0,0,0,0.6324611189515676,0.3378714918966349,0.0296673891517973,5-0-0,-1,-1,False,False,0,c1,0,c1
605,1,1,0,0,1,1,0.2663912250822793,0.4107856181186984,0.322823156799022,3-2-0,-1,-1,False,False,1,c234,1,c234
606,2,2,1,2,2,2,0.075778523504935,0.3838967035325287,0.5403247729625363,4-1-0,-1,-1,False,False,2,c5,2,c5
607,0,0,0,0,0,1,0.3778227859377059,0.4189781707456453,0.2031990433166488,5-0-0,-1,-1,False,False,0,c1,0,c1
608,2,2,2,2,2,2,0.0554263584094406,0.2348611464050646,0.7097124951854948,5-0-0,-1,-1,False,False,2,c5,2,c5
609,0,0,0,0,0,0,0.6204174962343919,0.2193879998836033,0.1601945038820048,5-0-0,-1,-1,False,False,0,c1,0,c1
610,2,2,2,2,2,2,0.2623928112134861,0.2253698997101483,0.5122372890763655,5-0-0,-1,-1,False,False,2,c5,2,c5
611,0,0,2,0,0,0,0.5238952356633528,0.2725907046700547,0.2035140596665925,4-1-0,-1,-1,False,False,0,c1,0,c1
612,0,0,0,0,0,2,0.3269161195046069,0.2549135137435737,0.4181703667518193,5-0-0,-1,-1,False,False,0,c1,0,c1
613,1,0,1,1,1,1,0.3189630486841587,0.4065431231305381,0.2744938281853032,4-1-0,-1,-1,False,False,1,c234,1,c234
614,0,0,0,0,0,0,0.5926348646630318,0.2724564697802792,0.1349086655566888,5-0-0,-1,-1,False,False,0,c1,0,c1
615,1,2,0,1,2,2,0.2399088275890335,0.3497477187896818,0.4103434536212845,2-2-1,1,2,True,True,1,c234,2,c5
616,2,2,2,1,2,2,0.1953738588347422,0.2745811866297137,0.530044954535544,4-1-0,-1,-1,False,False,2,c5,2,c5
617,1,1,0,0,2,1,0.1939681180166714,0.4507692303537292,0.3552626516295993,2-2-1,0,1,True,False,1,c234,1,c234
618,2,0,1,0,1,1,0.3600200750907023,0.418421536074725,0.2215583888345726,2-2-1,0,1,True,True,0,c1,1,c234
619,0,0,0,0,0,0,0.5905507720462436,0.3387110588854225,0.0707381690683337,5-0-0,-1,-1,False,False,0,c1,0,c1
620,1,1,0,0,1,1,0.2753223258823377,0.4848009546208716,0.2398767194967905,3-2-0,-1,-1,False,False,1,c234,1,c234
621,2,2,2,2,2,2,0.1793246522039056,0.3666500399409313,0.454025307855163,5-0-0,-1,-1,False,False,2,c5,2,c5
622,1,1,1,1,2,0,0.3821734525351045,0.3798479549707463,0.2379785924941492,4-1-0,-1,-1,False,False,1,c234,1,c234
623,0,0,0,0,0,0,0.4834411662143588,0.3836491459487228,0.1329096878369184,5-0-0,-1,-1,False,False,0,c1,0,c1
624,2,2,2,2,2,2,0.2179954499020217,0.3294343268660392,0.4525702232319391,5-0-0,-1,-1,False,False,2,c5,2,c5
625,1,1,1,1,1,2,0.1140432199849087,0.3360110026705244,0.5499457773445668,5-0-0,-1,-1,False,False,1,c234,1,c234
626,2,2,0,1,1,1,0.1645923450460792,0.4546759930092431,0.3807316619446776,2-2-1,1,2,True,True,2,c5,1,c234
627,2,1,1,2,2,1,0.2387948677271159,0.5841373475615457,0.1770677847113385,3-2-0,-1,-1,False,False,2,c5,2,c5
628,2,2,2,2,1,2,0.2075969827997304,0.3708900376880345,0.4215129795122351,4-1-0,-1,-1,False,False,2,c5,2,c5
629,2,2,0,2,1,0,0.3842673580167332,0.2576544424657489,0.3580781995175179,3-1-1,-1,-1,False,False,2,c5,2,c5
630,1,1,2,0,1,1,0.2980170118274635,0.4989018388195094,0.2030811493530271,3-1-1,-1,-1,False,False,1,c234,1,c234
631,2,2,2,2,2,2,0.0418846761433968,0.1094124967832452,0.848702827073358,5-0-0,-1,-1,False,False,2,c5,2,c5
632,2,1,1,1,2,1,0.1130190951148927,0.5097418616764915,0.3772390432086157,3-2-0,-1,-1,False,False,1,c234,1,c234
633,0,0,1,1,0,0,0.8540485893251833,0.1198063584973117,0.0261450521775049,3-2-0,-1,-1,False,False,0,c1,0,c1
634,1,2,1,1,1,1,0.3450321150332804,0.3801192555693832,0.2748486293973364,4-1-0,-1,-1,False,False,1,c234,1,c234
635,0,0,0,0,0,0,0.9705937083521656,0.0213700409587171,0.0080362506891172,5-0-0,-1,-1,False,False,0,c1,0,c1
636,0,0,1,1,0,0,0.4920484545324305,0.3235807765667442,0.1843707689008251,3-2-0,-1,-1,False,False,0,c1,0,c1
637,2,2,2,2,2,2,0.0638568524365994,0.2462569105702065,0.689886236993194,5-0-0,-1,-1,False,False,2,c5,2,c5
638,1,2,2,2,1,1,0.2530849140521504,0.3771472080604345,0.369767877887415,3-2-0,-1,-1,False,False,2,c5,2,c5
639,0,0,0,0,0,0,0.637961816519269,0.2921871856918542,0.0698509977888766,5-0-0,-1,-1,False,False,0,c1,0,c1
640,1,1,1,2,2,1,0.1583031975291241,0.4336876896066725,0.4080091128642032,3-2-0,-1,-1,False,False,1,c234,1,c234
641,2,2,2,2,2,2,0.1466096585160235,0.3341213129638721,0.5192690285201044,5-0-0,-1,-1,False,False,2,c5,2,c5
642,0,0,2,2,0,0,0.5569267989606046,0.2392390133310801,0.2038341877083152,3-2-0,-1,-1,False,False,0,c1,0,c1
643,0,1,1,1,1,1,0.3859642173003635,0.4580921420831548,0.1559436406164816,4-1-0,-1,-1,False,False,1,c234,1,c234
644,2,1,1,2,1,2,0.178155657262919,0.3857226487564587,0.4361216939806221,3-2-0,-1,-1,False,False,1,c234,1,c234
645,1,0,1,1,1,1,0.3135425830729112,0.3819859823410744,0.3044714345860143,4-1-0,-1,-1,False,False,1,c234,1,c234
646,2,1,2,2,2,2,0.2350555751903606,0.2971380888454369,0.4678063359642025,4-1-0,-1,-1,False,False,2,c5,2,c5
647,2,2,2,2,2,2,0.2421028090260059,0.2711588338033122,0.4867383571706818,5-0-0,-1,-1,False,False,2,c5,2,c5
648,0,2,2,2,1,1,0.2456428016036656,0.4520269201757419,0.3023302782205923,3-1-1,-1,-1,False,False,2,c5,2,c5
649,0,2,1,2,1,0,0.6717435660689131,0.1621448304292423,0.1661116035018446,2-2-1,1,2,True,False,2,c5,2,c5
650,2,2,1,1,2,2,0.3018483213656709,0.2282367867555353,0.4699148918787937,3-2-0,-1,-1,False,False,2,c5,2,c5
651,2,1,2,1,1,2,0.1138386613302839,0.4068826726403063,0.4792786660294098,3-2-0,-1,-1,False,False,1,c234,1,c234
652,1,1,1,1,1,1,0.2685840219728305,0.4649220934956437,0.2664938845315258,5-0-0,-1,-1,False,False,1,c234,1,c234
653,2,2,2,2,2,2,0.0741187397979024,0.098095533610085,0.8277857265920127,5-0-0,-1,-1,False,False,2,c5,2,c5
654,2,2,2,2,2,2,0.0596208931605086,0.2640248370352673,0.6763542698042241,5-0-0,-1,-1,False,False,2,c5,2,c5
655,2,2,2,2,2,2,0.0668690913479236,0.2383773713135574,0.694753537338519,5-0-0,-1,-1,False,False,2,c5,2,c5
656,1,1,1,1,1,1,0.1831322321239855,0.5399666076406202,0.2769011602353942,5-0-0,-1,-1,False,False,1,c234,1,c234
657,1,2,1,2,1,0,0.5427447966687358,0.2797564757228686,0.1774987276083955,3-2-0,-1,-1,False,False,1,c234,1,c234
658,1,1,0,0,1,1,0.2393201616322279,0.5638204431794797,0.1968593951882924,3-2-0,-1,-1,False,False,1,c234,1,c234
659,2,2,1,2,2,2,0.0301984940974618,0.1693821311011846,0.8004193748013536,4-1-0,-1,-1,False,False,2,c5,2,c5
660,2,2,1,2,2,1,0.2550439088255848,0.4420839555492801,0.3028721356251352,4-1-0,-1,-1,False,False,2,c5,2,c5
661,2,2,2,2,2,2,0.0051429882669678,0.0090174151379248,0.9858395965951072,5-0-0,-1,-1,False,False,2,c5,2,c5
662,2,2,2,2,2,2,0.08802824880993,0.3045044204740622,0.6074673307160078,5-0-0,-1,-1,False,False,2,c5,2,c5
663,0,0,1,1,1,1,0.2858699082922466,0.4326921855469736,0.2814379061607797,3-2-0,-1,-1,False,False,1,c234,1,c234
664,2,2,2,2,2,2,0.1503252526343916,0.2346042787315236,0.6150704686340847,5-0-0,-1,-1,False,False,2,c5,2,c5
665,0,0,0,0,1,0,0.3656250998651416,0.3640218742306865,0.270353025904172,4-1-0,-1,-1,False,False,0,c1,0,c1
666,2,2,1,2,2,2,0.2108352277636146,0.3851434952697865,0.4040212769665989,4-1-0,-1,-1,False,False,2,c5,2,c5
667,1,1,0,0,1,1,0.3121584057255136,0.3500705806189189,0.3377710136555675,3-2-0,-1,-1,False,False,1,c234,1,c234
668,2,2,1,2,2,2,0.2132466017636241,0.325619023817906,0.4611343744184698,4-1-0,-1,-1,False,False,2,c5,2,c5
669,0,0,0,1,1,1,0.3731927763206734,0.3995961802248856,0.227211043454441,3-2-0,-1,-1,False,False,0,c1,0,c1
670,1,0,0,0,1,1,0.3592292472704536,0.4484891926697619,0.1922815600597845,3-2-0,-1,-1,False,False,0,c1,0,c1
671,1,1,1,1,2,1,0.2872559360996327,0.3939645903141593,0.3187794735862079,4-1-0,-1,-1,False,False,1,c234,1,c234
672,2,2,2,2,2,2,0.0263179133246672,0.1273151919207125,0.8463668947546201,5-0-0,-1,-1,False,False,2,c5,2,c5
673,2,2,2,0,2,2,0.1260474504265125,0.2711438895398382,0.6028086600336492,4-1-0,-1,-1,False,False,2,c5,2,c5
674,1,1,0,0,0,1,0.4046180168214475,0.435259106364426,0.1601228768141264,3-2-0,-1,-1,False,False,0,c1,0,c1
675,1,1,1,1,1,1,0.3706879313667756,0.4325192831578144,0.19679278547541,5-0-0,-1,-1,False,False,1,c234,1,c234
676,1,0,0,0,0,0,0.4775690459630571,0.3959186450450083,0.1265123089919345,4-1-0,-1,-1,False,False,0,c1,0,c1
677,2,2,2,2,2,2,0.1176764210307562,0.3513168992840138,0.5310066796852301,5-0-0,-1,-1,False,False,2,c5,2,c5
678,0,0,0,0,0,0,0.4071807477924897,0.3498140459049718,0.2430052063025384,5-0-0,-1,-1,False,False,0,c1,0,c1
679,0,0,0,0,0,0,0.5052576366969689,0.3655819947968681,0.129160368506163,5-0-0,-1,-1,False,False,0,c1,0,c1
680,1,1,1,0,2,1,0.1890614696957173,0.4875231729999239,0.3234153573043588,3-1-1,-1,-1,False,False,1,c234,1,c234
681,1,1,1,1,1,1,0.3488239084436331,0.4195950732552768,0.2315810183010899,5-0-0,-1,-1,False,False,1,c234,1,c234
682,1,1,2,1,1,0,0.426677135207655,0.3976582759269621,0.1756645888653828,4-1-0,-1,-1,False,False,1,c234,1,c234
683,2,2,2,2,2,2,0.1550387751597184,0.3509240362855596,0.4940371885547218,5-0-0,-1,-1,False,False,2,c5,2,c5
684,1,1,1,1,1,1,0.2787557970117831,0.5083479718993967,0.21289623108882,5-0-0,-1,-1,False,False,1,c234,1,c234
685,2,2,0,0,2,2,0.1990583334286035,0.3396963941420596,0.4612452724293368,3-2-0,-1,-1,False,False,2,c5,2,c5
686,2,2,2,2,1,2,0.3368411574904356,0.2318325363787466,0.4313263061308178,4-1-0,-1,-1,False,False,2,c5,2,c5
687,0,0,0,0,1,1,0.4005141996318119,0.4053837630662287,0.1941020373019593,4-1-0,-1,-1,False,False,0,c1,0,c1
688,0,0,0,0,0,0,0.7183407998020266,0.1410358933109542,0.140623306887019,5-0-0,-1,-1,False,False,0,c1,0,c1
689,2,2,1,1,2,2,0.0758270898757566,0.4287514970023751,0.4954214131218682,3-2-0,-1,-1,False,False,2,c5,2,c5
690,2,0,2,0,1,2,0.3555057886768291,0.1939942737128373,0.4504999376103335,2-2-1,0,2,False,False,2,c5,2,c5
691,0,2,2,2,1,2,0.2088442913899925,0.3729192492453042,0.4182364593647032,3-1-1,-1,-1,False,False,2,c5,2,c5
692,0,0,0,0,0,0,0.4793385356592397,0.3417533341665529,0.1789081301742072,5-0-0,-1,-1,False,False,0,c1,0,c1
693,2,0,2,2,0,2,0.3636237180498688,0.2406231503352185,0.3957531316149126,3-2-0,-1,-1,False,False,2,c5,2,c5
694,2,2,2,2,2,2,0.0381397677214142,0.2691085774674842,0.6927516548111016,5-0-0,-1,-1,False,False,2,c5,2,c5
695,2,0,1,1,1,0,0.5518188150386726,0.1929985448802811,0.2551826400810462,3-1-1,-1,-1,False,False,1,c234,1,c234
696,1,0,0,0,1,1,0.3305423126872728,0.4236095125671881,0.2458481747455389,3-2-0,-1,-1,False,False,0,c1,0,c1
697,0,0,2,0,1,1,0.3308395209130189,0.3875127741090919,0.2816477049778893,3-1-1,-1,-1,False,False,0,c1,0,c1
698,2,1,2,2,1,2,0.1562464841917842,0.3595340223412496,0.4842194934669662,3-2-0,-1,-1,False,False,2,c5,2,c5
699,0,0,1,1,0,0,0.6807966910489907,0.2493833462918428,0.0698199626591665,3-2-0,-1,-1,False,False,0,c1,0,c1
700,1,1,2,2,1,2,0.2871287504728653,0.3408905924201338,0.3719806571070009,3-2-0,-1,-1,False,False,1,c234,1,c234
701,0,0,0,0,0,1,0.4217599749905651,0.492846660072756,0.085393364936679,5-0-0,-1,-1,False,False,0,c1,0,c1
702,0,0,1,0,0,0,0.4896262951655027,0.4229094382705289,0.0874642665639683,4-1-0,-1,-1,False,False,0,c1,0,c1
703,0,0,0,0,0,0,0.6279084172618786,0.306841052841028,0.0652505298970934,5-0-0,-1,-1,False,False,0,c1,0,c1
704,0,0,0,0,0,0,0.5689761245466805,0.244377749506894,0.1866461259464255,5-0-0,-1,-1,False,False,0,c1,0,c1
705,2,2,2,2,2,2,0.2900211836580681,0.1526602823354067,0.5573185340065251,5-0-0,-1,-1,False,False,2,c5,2,c5
706,2,2,2,2,2,2,0.156992222548685,0.2958531624402711,0.5471546150110438,5-0-0,-1,-1,False,False,2,c5,2,c5
707,0,0,2,0,1,0,0.5700298339339146,0.2739042364919406,0.1560659295741447,3-1-1,-1,-1,False,False,0,c1,0,c1
708,0,0,0,0,0,0,0.5589701451636887,0.3255671441480282,0.1154627106882831,5-0-0,-1,-1,False,False,0,c1,0,c1
709,2,2,2,1,2,2,0.1665868695163718,0.3685979063905518,0.4648152240930763,4-1-0,-1,-1,False,False,2,c5,2,c5
710,1,2,1,2,2,1,0.1884926856975332,0.491066096448642,0.3204412178538248,3-2-0,-1,-1,False,False,2,c5,2,c5
711,2,2,2,2,1,2,0.1200719193153917,0.3455995836772139,0.5343284970073943,4-1-0,-1,-1,False,False,2,c5,2,c5
712,1,1,2,2,1,1,0.2439770511493449,0.47739241070655,0.2786305381441051,3-2-0,-1,-1,False,False,1,c234,1,c234
713,1,1,1,1,1,1,0.2923715286446123,0.4516194069008427,0.2560090644545449,5-0-0,-1,-1,False,False,1,c234,1,c234
714,1,1,0,0,1,1,0.3003923857625313,0.438430965245241,0.2611766489922278,3-2-0,-1,-1,False,False,1,c234,1,c234
715,2,2,2,2,2,2,0.0322569131683771,0.1341999063382809,0.8335431804933419,5-0-0,-1,-1,False,False,2,c5,2,c5
716,2,2,1,1,2,2,0.1102998949351223,0.4081164633655449,0.4815836416993326,3-2-0,-1,-1,False,False,2,c5,2,c5
717,2,2,2,2,2,2,0.136148460166516,0.3881824268467521,0.475669112986732,5-0-0,-1,-1,False,False,2,c5,2,c5
718,1,1,1,1,1,1,0.1342055196377059,0.6145293735708887,0.2512651067914054,5-0-0,-1,-1,False,False,1,c234,1,c234
719,2,2,2,2,2,2,0.1840819255262037,0.306160334378058,0.5097577400957382,5-0-0,-1,-1,False,False,2,c5,2,c5
720,2,2,2,1,2,2,0.0479487009750331,0.3232205264617437,0.6288307725632231,4-1-0,-1,-1,False,False,2,c5,2,c5
721,2,2,1,1,2,1,0.1484163098947407,0.4739747461661477,0.3776089439391114,3-2-0,-1,-1,False,False,2,c5,2,c5
722,1,1,1,1,1,1,0.3397143630108988,0.4478015980901845,0.2124840388989166,5-0-0,-1,-1,False,False,1,c234,1,c234
723,0,0,1,1,0,0,0.4602736596088346,0.3614935056204017,0.1782328347707635,3-2-0,-1,-1,False,False,0,c1,0,c1
724,2,2,2,2,2,2,0.3278949895929505,0.2594496207505981,0.4126553896564514,5-0-0,-1,-1,False,False,2,c5,2,c5
725,1,1,1,1,1,1,0.4025516679712841,0.4270388402746894,0.1704094917540264,5-0-0,-1,-1,False,False,1,c234,1,c234
726,0,0,0,0,0,0,0.6159148254034618,0.2136353934217369,0.1704497811748013,5-0-0,-1,-1,False,False,0,c1,0,c1
727,0,0,0,0,0,0,0.6478580832573981,0.2949771758678779,0.0571647408747238,5-0-0,-1,-1,False,False,0,c1,0,c1
728,2,2,0,2,1,1,0.3298005444670194,0.4158776627970849,0.2543217927358957,3-1-1,-1,-1,False,False,2,c5,2,c5
729,2,2,2,2,1,2,0.2488825636698162,0.1967862023427443,0.5543312339874394,4-1-0,-1,-1,False,False,2,c5,2,c5
730,1,2,0,0,1,1,0.3433108047990129,0.4018735126728871,0.2548156825281,2-2-1,0,1,True,False,1,c234,1,c234
731,1,1,0,0,1,0,0.445680593344656,0.3695047413820209,0.1848146652733231,3-2-0,-1,-1,False,False,1,c234,1,c234
732,2,1,1,1,2,2,0.2457124184533312,0.2380363850041444,0.5162511965425242,3-2-0,-1,-1,False,False,1,c234,1,c234
733,1,1,2,1,1,2,0.1770061610890378,0.3600478828834825,0.4629459560274796,4-1-0,-1,-1,False,False,1,c234,1,c234
734,1,1,1,1,1,1,0.4275685561433018,0.4370673477288055,0.1353640961278925,5-0-0,-1,-1,False,False,1,c234,1,c234
735,2,2,1,0,2,2,0.2707013919055071,0.2990362125682497,0.4302623955262431,3-1-1,-1,-1,False,False,2,c5,2,c5
736,2,2,2,2,1,2,0.0354784013640563,0.2007566854638496,0.7637649131720939,4-1-0,-1,-1,False,False,2,c5,2,c5
737,1,2,1,1,1,2,0.2124512572826297,0.3554416220300673,0.432107120687303,4-1-0,-1,-1,False,False,1,c234,1,c234
738,0,0,1,0,0,1,0.4144837063482265,0.470101764732593,0.1154145289191804,4-1-0,-1,-1,False,False,0,c1,0,c1
739,1,1,1,2,1,1,0.1697239310185022,0.532837314024114,0.2974387549573837,4-1-0,-1,-1,False,False,1,c234,1,c234
740,1,1,0,0,1,0,0.4256536408388042,0.3507534255954633,0.2235929335657325,3-2-0,-1,-1,False,False,1,c234,1,c234
741,0,0,2,2,1,1,0.2239767900983863,0.4100686297590767,0.3659545801425369,2-2-1,0,2,False,False,0,c1,0,c1
742,2,2,2,2,2,2,0.1683538051892397,0.2691600083784699,0.5624861864322904,5-0-0,-1,-1,False,False,2,c5,2,c5
743,2,2,2,2,1,2,0.0883229189767331,0.3388244253410445,0.5728526556822222,4-1-0,-1,-1,False,False,2,c5,2,c5
744,2,2,1,1,2,2,0.1298671987089008,0.4282159456709009,0.4419168556201982,3-2-0,-1,-1,False,False,2,c5,2,c5
745,2,2,2,2,2,2,0.0599854921958355,0.3063468542464161,0.6336676535577482,5-0-0,-1,-1,False,False,2,c5,2,c5
746,1,0,2,2,0,0,0.3750036029688399,0.3547430205800506,0.2702533764511095,2-2-1,0,2,False,False,0,c1,0,c1
747,2,2,2,2,2,2,0.111258107690454,0.349863722535081,0.5388781697744649,5-0-0,-1,-1,False,False,2,c5,2,c5
748,2,2,2,1,2,1,0.1409166902873574,0.5284489520989079,0.3306343576137347,4-1-0,-1,-1,False,False,2,c5,2,c5
749,0,0,0,0,0,0,0.5323483985772474,0.3851719126948122,0.0824796887279404,5-0-0,-1,-1,False,False,0,c1,0,c1
750,1,2,0,0,2,1,0.3474346830093996,0.3681306907020665,0.2844346262885338,2-2-1,0,2,False,False,2,c5,2,c5
751,1,0,0,0,1,0,0.4073705390143767,0.371118902413287,0.2215105585723363,3-2-0,-1,-1,False,False,0,c1,0,c1
752,0,0,0,1,0,0,0.5378834975016333,0.3113410887647566,0.1507754137336099,4-1-0,-1,-1,False,False,0,c1,0,c1
753,0,0,0,0,0,0,0.68185003306231,0.1913411169348097,0.1268088500028803,5-0-0,-1,-1,False,False,0,c1,0,c1
754,0,1,0,1,1,1,0.263205530133752,0.4498642868786349,0.2869301829876131,3-2-0,-1,-1,False,False,1,c234,1,c234
755,2,2,0,0,1,0,0.5209563726504316,0.2006995229075201,0.2783441044420483,2-2-1,0,2,False,False,2,c5,2,c5
756,2,2,0,1,2,1,0.0721075341280095,0.5140867023286302,0.4138057635433602,3-1-1,-1,-1,False,False,2,c5,2,c5
757,0,0,2,2,1,0,0.4259814625093173,0.3769972072324555,0.1970213302582272,2-2-1,0,2,False,False,0,c1,0,c1
758,2,2,2,2,2,2,0.0645123791416959,0.2439431618851259,0.6915444589731781,5-0-0,-1,-1,False,False,2,c5,2,c5
759,1,1,0,0,2,2,0.2862265496600909,0.2688849596747195,0.4448884906651896,2-2-1,0,1,True,True,1,c234,0,c1
760,0,0,1,0,0,0,0.4464942315578438,0.3247338977623017,0.2287718706798543,4-1-0,-1,-1,False,False,0,c1,0,c1
761,2,1,1,0,1,1,0.2552257071688503,0.4108390441551719,0.3339352486759777,3-1-1,-1,-1,False,False,1,c234,1,c234
762,1,1,1,1,2,1,0.1556161939217187,0.5057809234249314,0.3386028826533498,4-1-0,-1,-1,False,False,1,c234,1,c234
763,0,0,2,1,0,0,0.6764588344104013,0.2295923140917068,0.0939488514978918,3-1-1,-1,-1,False,False,0,c1,0,c1
764,2,2,2,2,1,2,0.294704270652545,0.3449650419751399,0.3603306873723151,4-1-0,-1,-1,False,False,2,c5,2,c5
765,0,0,0,0,0,0,0.6394563674210589,0.256917020443566,0.103626612135375,5-0-0,-1,-1,False,False,0,c1,0,c1
766,0,0,0,0,0,0,0.7513311603807501,0.2091981859265326,0.0394706536927173,5-0-0,-1,-1,False,False,0,c1,0,c1
767,0,0,1,1,1,1,0.3477198836743916,0.3604697225647518,0.2918103937608565,3-2-0,-1,-1,False,False,1,c234,1,c234
768,2,2,1,2,2,2,0.2480881665017336,0.3708649670289075,0.3810468664693588,4-1-0,-1,-1,False,False,2,c5,2,c5
769,2,2,2,2,2,2,0.0959623250476521,0.3737453965271787,0.5302922784251691,5-0-0,-1,-1,False,False,2,c5,2,c5
770,2,1,2,1,1,1,0.1104885882345753,0.6314863360279935,0.2580250757374311,3-2-0,-1,-1,False,False,1,c234,1,c234
771,1,1,0,0,1,1,0.3063071086766486,0.4262007534140933,0.267492137909258,3-2-0,-1,-1,False,False,1,c234,1,c234
772,2,2,1,1,2,2,0.0927376621251972,0.3435961731531823,0.5636661647216205,3-2-0,-1,-1,False,False,2,c5,2,c5
773,0,0,0,0,1,0,0.7082133250284081,0.234916405561919,0.0568702694096728,4-1-0,-1,-1,False,False,0,c1,0,c1
774,1,1,1,1,1,1,0.293384440973438,0.4551799424098354,0.2514356166167266,5-0-0,-1,-1,False,False,1,c234,1,c234
775,0,0,0,0,0,0,0.5496773786467963,0.2811592867773828,0.1691633345758209,5-0-0,-1,-1,False,False,0,c1,0,c1
776,2,2,0,2,2,1,0.070487642789374,0.5183001954903338,0.4112121617202922,4-1-0,-1,-1,False,False,2,c5,2,c5
777,0,0,0,0,0,0,0.5981794351101402,0.3143730131328968,0.087447551756963,5-0-0,-1,-1,False,False,0,c1,0,c1
778,1,1,1,1,1,1,0.2270951485662362,0.606108213017936,0.1667966384158277,5-0-0,-1,-1,False,False,1,c234,1,c234
779,0,2,2,1,1,0,0.4191680535519816,0.307832591668097,0.2729993547799214,2-2-1,1,2,True,True,2,c5,1,c234
780,0,0,0,0,0,0,0.7409858664656896,0.1891429419643655,0.0698711915699448,5-0-0,-1,-1,False,False,0,c1,0,c1
781,0,0,0,0,0,0,0.7396130054609185,0.1726546056037096,0.0877323889353718,5-0-0,-1,-1,False,False,0,c1,0,c1
782,2,2,2,1,2,2,0.1136708790656867,0.4305633022158553,0.455765818718458,4-1-0,-1,-1,False,False,2,c5,2,c5
783,2,2,1,0,1,1,0.2148773963941136,0.3933669570300359,0.3917556465758503,2-2-1,1,2,True,True,2,c5,1,c234
784,2,2,2,2,2,2,0.0690160870875333,0.4267152663937036,0.504268646518763,5-0-0,-1,-1,False,False,2,c5,2,c5
785,1,1,1,1,0,0,0.4324327135588394,0.4096065244183498,0.1579607620228107,4-1-0,-1,-1,False,False,1,c234,1,c234
786,2,2,2,2,1,2,0.308292528827343,0.2249055303228708,0.4668019408497861,4-1-0,-1,-1,False,False,2,c5,2,c5
787,2,1,2,2,1,1,0.288501013209725,0.4041662420241083,0.3073327447661667,3-2-0,-1,-1,False,False,2,c5,2,c5
788,1,1,1,1,2,1,0.1778518060779669,0.6582234105477467,0.1639247833742864,4-1-0,-1,-1,False,False,1,c234,1,c234
789,2,2,2,2,2,2,0.2490604175033965,0.2182443768095585,0.532695205687045,5-0-0,-1,-1,False,False,2,c5,2,c5
790,0,1,2,2,1,2,0.1486906785234731,0.4035915377317524,0.4477177837447744,2-2-1,1,2,True,True,1,c234,2,c5
791,0,0,1,1,0,0,0.494073417676134,0.4202370221487857,0.0856895601750801,3-2-0,-1,-1,False,False,0,c1,0,c1
792,0,0,0,0,0,0,0.6531878011107659,0.2927483645075887,0.0540638343816452,5-0-0,-1,-1,False,False,0,c1,0,c1
793,1,1,0,1,1,1,0.3374332003393357,0.4901348297143214,0.1724319699463426,4-1-0,-1,-1,False,False,1,c234,1,c234
794,0,0,0,0,1,0,0.5291116404011486,0.324995958399004,0.1458924011998475,4-1-0,-1,-1,False,False,0,c1,0,c1
795,1,0,1,1,0,1,0.3730525369265343,0.4993080128995301,0.1276394501739357,3-2-0,-1,-1,False,False,1,c234,1,c234
796,0,1,0,0,0,0,0.4209612828668558,0.3409906763358469,0.2380480407972972,4-1-0,-1,-1,False,False,0,c1,0,c1
797,0,0,0,0,1,0,0.4134336725078869,0.3637532875211089,0.222813039971004,4-1-0,-1,-1,False,False,0,c1,0,c1
798,0,0,1,0,0,0,0.6811621702478053,0.2563402058622299,0.0624976238899646,4-1-0,-1,-1,False,False,0,c1,0,c1
799,2,2,2,2,2,2,0.2773160212889092,0.2738176611112822,0.4488663175998086,5-0-0,-1,-1,False,False,2,c5,2,c5
800,2,2,1,1,2,1,0.2371627352489693,0.4677555221567813,0.2950817425942492,3-2-0,-1,-1,False,False,2,c5,2,c5
801,2,2,2,2,2,2,0.0733777497251154,0.4179010892112595,0.508721161063625,5-0-0,-1,-1,False,False,2,c5,2,c5
802,1,2,2,1,1,2,0.2223153465709886,0.3231906386992652,0.4544940147297461,3-2-0,-1,-1,False,False,1,c234,1,c234
803,2,2,2,2,2,2,0.232840719786741,0.2289512069146948,0.538208073298564,5-0-0,-1,-1,False,False,2,c5,2,c5
804,0,0,0,0,0,0,0.4941537910700737,0.3840964380045933,0.121749770925333,5-0-0,-1,-1,False,False,0,c1,0,c1
805,2,2,2,2,2,2,0.0617328621789766,0.1462569826444746,0.7920101551765487,5-0-0,-1,-1,False,False,2,c5,2,c5
806,2,2,2,2,2,2,0.1413346512981891,0.3341840411385303,0.5244813075632806,5-0-0,-1,-1,False,False,2,c5,2,c5
807,0,0,2,1,0,2,0.1478101198944595,0.4235463068655735,0.428643573239967,3-1-1,-1,-1,False,False,0,c1,0,c1
808,2,2,2,2,1,2,0.2612426770620857,0.2697328957591445,0.4690244271787697,4-1-0,-1,-1,False,False,2,c5,2,c5
809,0,0,0,0,0,0,0.4416508206690981,0.4294758320241143,0.1288733473067876,5-0-0,-1,-1,False,False,0,c1,0,c1
810,0,1,1,1,1,0,0.442183970483108,0.3982140561260607,0.1596019733908312,4-1-0,-1,-1,False,False,1,c234,1,c234
811,2,2,2,2,2,1,0.1506369785902248,0.4604961373066252,0.3888668841031499,5-0-0,-1,-1,False,False,2,c5,2,c5
812,1,1,1,0,1,0,0.3691723906715811,0.3252768950199781,0.3055507143084408,4-1-0,-1,-1,False,False,1,c234,1,c234
813,2,2,2,2,2,2,0.0755704268305003,0.2754146878852564,0.6490148852842432,5-0-0,-1,-1,False,False,2,c5,2,c5
814,2,2,0,0,1,1,0.2942208659533517,0.4015880939668399,0.3041910400798083,2-2-1,0,2,False,False,2,c5,2,c5
815,0,0,0,0,1,0,0.4236636984981771,0.2332848616691575,0.3430514398326653,4-1-0,-1,-1,False,False,0,c1,0,c1
816,2,2,2,1,1,1,0.267648834802417,0.3716843393875397,0.3606668258100432,3-2-0,-1,-1,False,False,2,c5,2,c5
817,0,0,0,0,0,1,0.3304832123727663,0.4997305468996188,0.1697862407276148,5-0-0,-1,-1,False,False,0,c1,0,c1
818,1,1,0,1,1,1,0.2988506899050504,0.4217043328254907,0.2794449772694587,4-1-0,-1,-1,False,False,1,c234,1,c234
819,2,2,2,2,2,2,0.2617172649602654,0.2922162971984453,0.4460664378412892,5-0-0,-1,-1,False,False,2,c5,2,c5
820,0,0,0,1,0,0,0.9610712761849552,0.0273167946036201,0.0116119292114247,4-1-0,-1,-1,False,False,0,c1,0,c1
821,1,1,2,1,1,1,0.253051137595413,0.4112191405775758,0.3357297218270111,4-1-0,-1,-1,False,False,1,c234,1,c234
822,1,1,0,0,1,1,0.3142019690255823,0.3916397409658305,0.2941582900085871,3-2-0,-1,-1,False,False,1,c234,1,c234
823,1,1,1,1,1,1,0.4040768876316754,0.441198902910803,0.1547242094575215,5-0-0,-1,-1,False,False,1,c234,1,c234
824,1,1,1,1,1,2,0.2327777466227855,0.3698497405349935,0.3973725128422208,5-0-0,-1,-1,False,False,1,c234,1,c234
825,0,0,1,1,1,1,0.3697216997530743,0.3834186652503779,0.2468596349965477,3-2-0,-1,-1,False,False,1,c234,1,c234
826,2,2,2,2,2,2,0.0377078763266534,0.3010455468949888,0.6612465767783577,5-0-0,-1,-1,False,False,2,c5,2,c5
827,2,2,2,2,2,2,0.0930956303414856,0.3199565974233412,0.586947772235173,5-0-0,-1,-1,False,False,2,c5,2,c5
828,1,1,1,1,1,1,0.338093398737382,0.3998817444904953,0.2620248567721228,5-0-0,-1,-1,False,False,1,c234,1,c234
829,2,2,1,2,2,1,0.0519743022427126,0.6121993731252849,0.3358263246320024,4-1-0,-1,-1,False,False,2,c5,2,c5
830,2,2,2,1,1,2,0.0746805844498367,0.2355449546148481,0.689774460935315,3-2-0,-1,-1,False,False,2,c5,2,c5
831,0,0,1,1,1,0,0.4342208540021287,0.3167920825466161,0.2489870634512551,3-2-0,-1,-1,False,False,1,c234,1,c234
832,1,1,0,0,1,1,0.3837886911320405,0.4079180264726098,0.2082932823953498,3-2-0,-1,-1,False,False,1,c234,1,c234
833,0,0,0,0,0,0,0.9136476779763968,0.0669972822889604,0.0193550397346426,5-0-0,-1,-1,False,False,0,c1,0,c1
834,2,2,2,2,2,2,0.0477518196213842,0.2254321274185919,0.7268160529600238,5-0-0,-1,-1,False,False,2,c5,2,c5
835,0,0,0,0,0,0,0.5810113678653429,0.2688956928145234,0.1500929393201335,5-0-0,-1,-1,False,False,0,c1,0,c1
836,1,1,1,1,1,1,0.1510011690956911,0.6426047038227181,0.2063941270815907,5-0-0,-1,-1,False,False,1,c234,1,c234
837,1,0,0,1,0,1,0.3322067341867541,0.4511995993450399,0.2165936664682058,3-2-0,-1,-1,False,False,0,c1,0,c1
838,2,2,2,0,1,2,0.1753583631091082,0.348665925944389,0.4759757109465029,3-1-1,-1,-1,False,False,2,c5,2,c5
839,0,0,0,0,0,0,0.7473034854954343,0.1753037534307737,0.077392761073792,5-0-0,-1,-1,False,False,0,c1,0,c1
840,2,2,0,2,2,0,0.3592729419098638,0.348229902518229,0.2924971555719071,4-1-0,-1,-1,False,False,2,c5,2,c5
841,2,2,2,2,2,2,0.0488729412202103,0.3129856953681697,0.63814136341162,5-0-0,-1,-1,False,False,2,c5,2,c5
842,1,2,2,2,1,2,0.2885360567473695,0.3515851375933709,0.3598788056592595,3-2-0,-1,-1,False,False,2,c5,2,c5
843,2,2,2,2,2,2,0.2805672051999224,0.3216387560564622,0.3977940387436153,5-0-0,-1,-1,False,False,2,c5,2,c5
844,0,1,0,0,2,2,0.2452997449195974,0.3548347023913458,0.3998655526890566,3-1-1,-1,-1,False,False,0,c1,0,c1
845,1,1,0,0,1,1,0.3002776464859933,0.4531424604983369,0.2465798930156698,3-2-0,-1,-1,False,False,1,c234,1,c234
846,0,0,0,0,1,1,0.2961657080095357,0.3956262305495473,0.3082080614409169,4-1-0,-1,-1,False,False,0,c1,0,c1
847,0,0,0,0,0,0,0.4270634120544556,0.3625546363729501,0.2103819515725941,5-0-0,-1,-1,False,False,0,c1,0,c1
848,0,0,0,0,0,0,0.6620862386558029,0.2852642195290677,0.0526495418151293,5-0-0,-1,-1,False,False,0,c1,0,c1
849,1,0,1,2,1,1,0.3142963503339249,0.3628917724309627,0.3228118772351123,3-1-1,-1,-1,False,False,1,c234,1,c234
850,1,1,0,0,1,1,0.1994394546759826,0.5262232480712811,0.2743372972527363,3-2-0,-1,-1,False,False,1,c234,1,c234
851,1,0,1,1,1,0,0.3778558477529217,0.3627488660513654,0.2593952861957128,4-1-0,-1,-1,False,False,1,c234,1,c234
852,1,1,1,1,1,1,0.1837120603081362,0.5646309752664919,0.2516569644253719,5-0-0,-1,-1,False,False,1,c234,1,c234
853,1,1,1,2,1,1,0.2181751573358903,0.5226088933469453,0.2592159493171644,4-1-0,-1,-1,False,False,1,c234,1,c234
854,0,0,1,1,0,1,0.4154601203813249,0.4569625653347802,0.1275773142838949,3-2-0,-1,-1,False,False,0,c1,0,c1
855,1,1,0,0,1,1,0.3833378243123576,0.4083848972220146,0.2082772784656277,3-2-0,-1,-1,False,False,1,c234,1,c234
856,2,1,2,2,1,1,0.2637849595935713,0.3981693384509511,0.3380457019554775,3-2-0,-1,-1,False,False,2,c5,2,c5
857,0,0,2,0,0,0,0.4338322081881193,0.3319613950250593,0.2342063967868214,4-1-0,-1,-1,False,False,0,c1,0,c1
858,2,1,2,2,1,0,0.4962807827709854,0.2888073985426025,0.2149118186864121,3-2-0,-1,-1,False,False,2,c5,2,c5
859,0,0,1,1,1,0,0.4070661251390401,0.3965216033408739,0.1964122715200859,3-2-0,-1,-1,False,False,1,c234,1,c234
860,1,1,1,1,2,1,0.3280436516862671,0.4239730179356284,0.2479833303781044,4-1-0,-1,-1,False,False,1,c234,1,c234
861,0,0,0,0,0,1,0.386726063854197,0.4124348151119573,0.2008391210338456,5-0-0,-1,-1,False,False,0,c1,0,c1
862,1,2,2,2,1,2,0.3518003072966928,0.2574768766718197,0.3907228160314874,3-2-0,-1,-1,False,False,2,c5,2,c5
863,0,0,0,0,0,0,0.902560935274082,0.0842078345683328,0.0132312301575852,5-0-0,-1,-1,False,False,0,c1,0,c1
864,2,2,2,0,1,2,0.1997186089770587,0.2049045347172369,0.5953768563057042,3-1-1,-1,-1,False,False,2,c5,2,c5
865,2,2,2,2,2,2,0.2241593483306755,0.2281066379936537,0.5477340136756709,5-0-0,-1,-1,False,False,2,c5,2,c5
866,0,0,1,0,0,0,0.6266928989695684,0.2890301029335113,0.0842769980969202,4-1-0,-1,-1,False,False,0,c1,0,c1
867,1,2,2,2,1,2,0.1527215528737544,0.2583965069252054,0.5888819402010401,3-2-0,-1,-1,False,False,2,c5,2,c5
868,2,2,2,2,1,0,0.3928786661549715,0.2904695854474339,0.3166517483975946,4-1-0,-1,-1,False,False,2,c5,2,c5
869,0,0,2,0,1,0,0.5115129916909593,0.3567341777157895,0.1317528305932512,3-1-1,-1,-1,False,False,0,c1,0,c1
870,0,0,0,0,0,0,0.7578890565458247,0.1758873357290351,0.06622360772514,5-0-0,-1,-1,False,False,0,c1,0,c1
871,2,2,2,2,2,0,0.4663158802861386,0.3106523043554963,0.223031815358365,5-0-0,-1,-1,False,False,2,c5,2,c5
872,2,2,2,2,2,2,0.1178111417028097,0.3686884538417171,0.5135004044554731,5-0-0,-1,-1,False,False,2,c5,2,c5
873,1,1,1,1,0,1,0.4466610921913687,0.4715378350112275,0.081801072797404,4-1-0,-1,-1,False,False,1,c234,1,c234
874,0,0,0,0,0,0,0.8230492446151199,0.1512577405310996,0.0256930148537805,5-0-0,-1,-1,False,False,0,c1,0,c1
875,1,1,2,2,1,2,0.2581725269232121,0.2954457545270913,0.4463817185496965,3-2-0,-1,-1,False,False,1,c234,1,c234
876,0,0,0,0,0,0,0.8189799960403205,0.1369321352484935,0.0440878687111861,5-0-0,-1,-1,False,False,0,c1,0,c1
877,1,0,1,1,1,1,0.3436673355569268,0.4929121088539936,0.1634205555890795,4-1-0,-1,-1,False,False,1,c234,1,c234
878,2,2,2,2,2,2,0.1373504466826813,0.1675064725838405,0.6951430807334782,5-0-0,-1,-1,False,False,2,c5,2,c5
879,0,1,0,0,1,0,0.461473938917221,0.3802473896682929,0.1582786714144861,3-2-0,-1,-1,False,False,0,c1,0,c1
880,1,0,1,1,1,0,0.4908875352397123,0.3992592859010899,0.1098531788591977,4-1-0,-1,-1,False,False,1,c234,1,c234
881,1,1,1,1,1,1,0.2964476417867154,0.5031983290886771,0.2003540291246073,5-0-0,-1,-1,False,False,1,c234,1,c234
882,2,2,1,1,2,1,0.1660448566898212,0.4234414277951723,0.4105137155150065,3-2-0,-1,-1,False,False,2,c5,2,c5
883,1,1,1,1,1,1,0.2165181117574151,0.5130981589100421,0.2703837293325427,5-0-0,-1,-1,False,False,1,c234,1,c234
884,1,1,1,1,1,1,0.2882696300831138,0.4612162218219653,0.2505141480949208,5-0-0,-1,-1,False,False,1,c234,1,c234
885,2,2,2,2,2,2,0.1002986701411108,0.2501275018974898,0.6495738279613995,5-0-0,-1,-1,False,False,2,c5,2,c5
886,0,0,1,1,1,1,0.3697927018369558,0.4292158405849956,0.2009914575780484,3-2-0,-1,-1,False,False,1,c234,1,c234
887,1,0,1,1,1,1,0.3676461111845843,0.434543525765242,0.1978103630501737,4-1-0,-1,-1,False,False,1,c234,1,c234
888,2,2,1,1,1,2,0.196766586031985,0.2748558282830614,0.5283775856849535,3-2-0,-1,-1,False,False,1,c234,1,c234
889,2,0,0,0,1,0,0.4658206237373219,0.2432628216144993,0.2909165546481785,3-1-1,-1,-1,False,False,0,c1,0,c1
890,1,1,1,2,2,1,0.2205187578365165,0.4524198817283179,0.3270613604351656,3-2-0,-1,-1,False,False,1,c234,1,c234
891,0,0,0,0,0,1,0.3574343265841753,0.4269320995941486,0.215633573821676,5-0-0,-1,-1,False,False,0,c1,0,c1
892,2,2,2,2,2,2,0.1424517847473171,0.4003947179532598,0.457153497299423,5-0-0,-1,-1,False,False,2,c5,2,c5
893,2,2,2,2,2,2,0.0609590901488909,0.1040753436751468,0.8349655661759623,5-0-0,-1,-1,False,False,2,c5,2,c5
894,0,0,0,0,1,0,0.4363925961374236,0.2189503567073535,0.3446570471552229,4-1-0,-1,-1,False,False,0,c1,0,c1
895,0,0,0,0,0,0,0.6180501249716833,0.3033352427204432,0.0786146323078733,5-0-0,-1,-1,False,False,0,c1,0,c1
896,2,2,2,2,2,2,0.0725281141584005,0.4512850899058362,0.4761867959357632,5-0-0,-1,-1,False,False,2,c5,2,c5
897,2,2,2,2,0,0,0.3855458257915175,0.2847699165769814,0.329684257631501,4-1-0,-1,-1,False,False,2,c5,2,c5
898,0,0,0,0,0,1,0.3274776541209481,0.436706619303839,0.2358157265752129,5-0-0,-1,-1,False,False,0,c1,0,c1
899,1,1,1,1,1,1,0.2299026496655586,0.6043833556425795,0.1657139946918619,5-0-0,-1,-1,False,False,1,c234,1,c234
