row_id,pred_bert512,pred_soft256,pred_svc_word_char,pred_baseline,pred_ordinal256_corrected,vote_pattern,tie_leader_a,tie_leader_b,y_pred_id,y_pred
0,1,1,1,1,1,5-0-0,-1,-1,1,c234
1,1,1,1,0,0,3-2-0,-1,-1,1,c234
2,2,2,0,2,2,4-1-0,-1,-1,2,c5
3,0,0,0,1,0,4-1-0,-1,-1,0,c1
4,0,0,1,0,0,4-1-0,-1,-1,0,c1
5,0,0,0,0,0,5-0-0,-1,-1,0,c1
6,2,2,1,1,1,3-2-0,-1,-1,1,c234
7,1,1,1,1,1,5-0-0,-1,-1,1,c234
8,2,2,2,2,2,5-0-0,-1,-1,2,c5
9,0,0,0,0,0,5-0-0,-1,-1,0,c1
10,1,1,1,1,1,5-0-0,-1,-1,1,c234
11,0,0,0,1,1,3-2-0,-1,-1,0,c1
12,1,1,0,1,1,4-1-0,-1,-1,1,c234
13,0,0,0,0,0,5-0-0,-1,-1,0,c1
14,2,2,1,1,2,3-2-0,-1,-1,2,c5
15,2,2,2,2,2,5-0-0,-1,-1,2,c5
16,2,2,2,2,1,4-1-0,-1,-1,2,c5
17,2,1,1,1,2,3-2-0,-1,-1,1,c234
18,2,2,1,2,2,4-1-0,-1,-1,2,c5
19,2,2,2,2,2,5-0-0,-1,-1,2,c5
20,0,0,0,0,0,5-0-0,-1,-1,0,c1
21,0,1,2,0,1,2-2-1,0,1,0,c1
22,2,2,2,2,2,5-0-0,-1,-1,2,c5
23,2,2,0,2,2,4-1-0,-1,-1,2,c5
24,1,1,1,1,1,5-0-0,-1,-1,1,c234
25,1,1,1,1,1,5-0-0,-1,-1,1,c234
26,2,2,2,2,2,5-0-0,-1,-1,2,c5
27,1,0,0,0,1,3-2-0,-1,-1,0,c1
28,2,2,1,1,2,3-2-0,-1,-1,2,c5
29,1,0,1,1,1,4-1-0,-1,-1,1,c234
30,1,1,0,1,1,4-1-0,-1,-1,1,c234
31,2,2,2,2,2,5-0-0,-1,-1,2,c5
32,2,2,1,1,2,3-2-0,-1,-1,2,c5
33,1,1,1,1,1,5-0-0,-1,-1,1,c234
34,2,2,2,1,1,3-2-0,-1,-1,2,c5
35,0,0,1,1,1,3-2-0,-1,-1,1,c234
36,1,1,2,2,1,3-2-0,-1,-1,1,c234
37,0,0,0,0,0,5-0-0,-1,-1,0,c1
38,1,1,0,0,1,3-2-0,-1,-1,1,c234
39,1,1,2,0,1,3-1-1,-1,-1,1,c234
40,1,1,2,2,1,3-2-0,-1,-1,1,c234
41,2,1,1,1,1,4-1-0,-1,-1,1,c234
42,2,2,0,0,1,2-2-1,0,2,2,c5
43,1,1,1,1,2,4-1-0,-1,-1,1,c234
44,2,0,0,0,1,3-1-1,-1,-1,0,c1
45,0,0,2,2,0,3-2-0,-1,-1,0,c1
46,2,2,1,2,2,4-1-0,-1,-1,2,c5
47,0,0,1,0,0,4-1-0,-1,-1,0,c1
48,2,2,2,2,2,5-0-0,-1,-1,2,c5
49,2,2,2,2,2,5-0-0,-1,-1,2,c5
50,2,1,2,2,2,4-1-0,-1,-1,2,c5
51,0,0,0,0,0,5-0-0,-1,-1,0,c1
52,1,1,1,1,1,5-0-0,-1,-1,1,c234
53,0,2,1,1,2,2-2-1,1,2,2,c5
54,2,1,0,0,1,2-2-1,0,1,1,c234
55,2,1,2,2,1,3-2-0,-1,-1,2,c5
56,0,0,0,0,0,5-0-0,-1,-1,0,c1
57,2,1,2,2,2,4-1-0,-1,-1,2,c5
58,1,1,2,0,1,3-1-1,-1,-1,1,c234
59,1,1,1,2,0,3-1-1,-1,-1,1,c234
60,0,1,1,1,0,3-2-0,-1,-1,1,c234
61,1,1,1,1,1,5-0-0,-1,-1,1,c234
62,1,0,1,1,1,4-1-0,-1,-1,1,c234
63,0,0,0,0,1,4-1-0,-1,-1,0,c1
64,1,1,0,0,1,3-2-0,-1,-1,1,c234
65,2,0,1,1,1,3-1-1,-1,-1,1,c234
66,1,2,2,2,1,3-2-0,-1,-1,2,c5
67,2,2,2,1,2,4-1-0,-1,-1,2,c5
68,1,1,0,1,1,4-1-0,-1,-1,1,c234
69,1,2,0,0,2,2-2-1,0,2,2,c5
70,2,2,2,2,2,5-0-0,-1,-1,2,c5
71,1,1,0,2,1,3-1-1,-1,-1,1,c234
72,1,1,1,1,1,5-0-0,-1,-1,1,c234
73,1,0,1,1,0,3-2-0,-1,-1,1,c234
74,1,0,1,1,1,4-1-0,-1,-1,1,c234
75,1,0,0,0,1,3-2-0,-1,-1,0,c1
76,2,2,1,2,1,3-2-0,-1,-1,2,c5
77,1,1,2,2,1,3-2-0,-1,-1,1,c234
78,1,1,2,2,1,3-2-0,-1,-1,1,c234
79,2,2,0,0,1,2-2-1,0,2,2,c5
80,1,1,0,0,1,3-2-0,-1,-1,1,c234
81,0,0,0,0,0,5-0-0,-1,-1,0,c1
82,1,1,1,1,1,5-0-0,-1,-1,1,c234
83,1,1,2,2,2,3-2-0,-1,-1,2,c5
84,1,1,0,1,1,4-1-0,-1,-1,1,c234
85,0,0,0,0,0,5-0-0,-1,-1,0,c1
86,0,0,1,1,1,3-2-0,-1,-1,1,c234
87,1,1,0,2,1,3-1-1,-1,-1,1,c234
88,0,0,0,1,0,4-1-0,-1,-1,0,c1
89,0,0,0,0,0,5-0-0,-1,-1,0,c1
90,0,0,0,0,1,4-1-0,-1,-1,0,c1
91,0,0,0,0,0,5-0-0,-1,-1,0,c1
92,2,2,2,2,2,5-0-0,-1,-1,2,c5
93,0,1,0,0,0,4-1-0,-1,-1,0,c1
94,1,1,1,1,1,5-0-0,-1,-1,1,c234
95,0,0,0,0,1,4-1-0,-1,-1,0,c1
96,1,1,1,1,1,5-0-0,-1,-1,1,c234
97,2,1,0,0,1,2-2-1,0,1,1,c234
98,1,2,1,1,1,4-1-0,-1,-1,1,c234
99,1,2,2,2,2,4-1-0,-1,-1,2,c5
100,1,1,2,2,1,3-2-0,-1,-1,1,c234
101,0,0,0,0,1,4-1-0,-1,-1,0,c1
102,2,2,2,2,1,4-1-0,-1,-1,2,c5
103,1,1,1,1,2,4-1-0,-1,-1,1,c234
104,1,1,1,1,2,4-1-0,-1,-1,1,c234
105,2,2,2,1,1,3-2-0,-1,-1,2,c5
106,1,1,2,2,2,3-2-0,-1,-1,2,c5
107,2,1,1,1,1,4-1-0,-1,-1,1,c234
108,1,1,1,1,1,5-0-0,-1,-1,1,c234
109,2,1,1,1,2,3-2-0,-1,-1,1,c234
110,0,0,1,0,0,4-1-0,-1,-1,0,c1
111,2,2,0,2,2,4-1-0,-1,-1,2,c5
112,2,2,2,2,2,5-0-0,-1,-1,2,c5
113,2,2,2,2,2,5-0-0,-1,-1,2,c5
114,2,2,0,2,2,4-1-0,-1,-1,2,c5
115,2,2,1,1,2,3-2-0,-1,-1,2,c5
116,1,2,1,2,1,3-2-0,-1,-1,1,c234
117,1,2,2,2,1,3-2-0,-1,-1,2,c5
118,1,1,1,0,1,4-1-0,-1,-1,1,c234
119,1,2,1,1,1,4-1-0,-1,-1,1,c234
120,0,0,2,2,1,2-2-1,0,2,0,c1
121,2,2,1,2,2,4-1-0,-1,-1,2,c5
122,0,0,2,1,0,3-1-1,-1,-1,0,c1
123,2,2,2,2,2,5-0-0,-1,-1,2,c5
124,2,2,2,2,2,5-0-0,-1,-1,2,c5
125,0,0,0,0,1,4-1-0,-1,-1,0,c1
126,0,0,0,2,0,4-1-0,-1,-1,0,c1
127,0,0,0,0,0,5-0-0,-1,-1,0,c1
128,2,2,2,2,2,5-0-0,-1,-1,2,c5
129,0,0,1,0,0,4-1-0,-1,-1,0,c1
130,1,1,2,0,1,3-1-1,-1,-1,1,c234
131,0,0,0,0,0,5-0-0,-1,-1,0,c1
132,0,0,1,1,1,3-2-0,-1,-1,1,c234
133,0,0,1,1,1,3-2-0,-1,-1,1,c234
134,1,1,1,1,1,5-0-0,-1,-1,1,c234
135,2,2,1,2,1,3-2-0,-1,-1,2,c5
136,2,2,2,2,2,5-0-0,-1,-1,2,c5
137,1,1,1,1,1,5-0-0,-1,-1,1,c234
138,1,2,2,2,1,3-2-0,-1,-1,2,c5
139,0,0,0,0,0,5-0-0,-1,-1,0,c1
140,0,0,0,0,1,4-1-0,-1,-1,0,c1
141,2,2,1,1,2,3-2-0,-1,-1,2,c5
142,0,0,0,0,0,5-0-0,-1,-1,0,c1
143,0,0,0,0,0,5-0-0,-1,-1,0,c1
144,0,0,0,0,0,5-0-0,-1,-1,0,c1
145,1,1,2,0,1,3-1-1,-1,-1,1,c234
146,2,2,2,2,2,5-0-0,-1,-1,2,c5
147,2,2,2,2,2,5-0-0,-1,-1,2,c5
148,2,2,2,2,2,5-0-0,-1,-1,2,c5
149,0,0,0,0,0,5-0-0,-1,-1,0,c1
150,0,0,0,0,0,5-0-0,-1,-1,0,c1
151,0,0,0,0,1,4-1-0,-1,-1,0,c1
152,0,0,1,0,0,4-1-0,-1,-1,0,c1
153,2,2,1,1,2,3-2-0,-1,-1,2,c5
154,0,1,1,1,0,3-2-0,-1,-1,1,c234
155,2,2,2,2,2,5-0-0,-1,-1,2,c5
156,1,2,2,1,2,3-2-0,-1,-1,2,c5
157,2,2,2,1,2,4-1-0,-1,-1,2,c5
158,0,1,1,2,0,2-2-1,0,1,0,c1
159,2,1,0,1,1,3-1-1,-1,-1,1,c234
160,2,2,0,2,2,4-1-0,-1,-1,2,c5
161,0,0,0,1,0,4-1-0,-1,-1,0,c1
162,1,1,2,1,1,4-1-0,-1,-1,1,c234
163,0,0,2,0,0,4-1-0,-1,-1,0,c1
164,2,0,0,0,1,3-1-1,-1,-1,0,c1
165,1,1,1,1,2,4-1-0,-1,-1,1,c234
166,2,2,1,2,2,4-1-0,-1,-1,2,c5
167,2,1,1,1,2,3-2-0,-1,-1,1,c234
168,2,2,2,2,2,5-0-0,-1,-1,2,c5
169,1,1,0,1,1,4-1-0,-1,-1,1,c234
170,0,0,0,0,0,5-0-0,-1,-1,0,c1
171,2,2,2,2,2,5-0-0,-1,-1,2,c5
172,2,2,2,2,2,5-0-0,-1,-1,2,c5
173,1,1,1,1,1,5-0-0,-1,-1,1,c234
174,0,0,0,0,0,5-0-0,-1,-1,0,c1
175,2,2,0,0,2,3-2-0,-1,-1,2,c5
176,1,1,0,0,0,3-2-0,-1,-1,0,c1
177,2,0,1,1,2,2-2-1,1,2,2,c5
178,2,2,0,0,2,3-2-0,-1,-1,2,c5
179,1,1,1,1,2,4-1-0,-1,-1,1,c234
180,0,0,0,0,0,5-0-0,-1,-1,0,c1
181,2,2,2,2,2,5-0-0,-1,-1,2,c5
182,0,0,0,0,1,4-1-0,-1,-1,0,c1
183,2,0,2,2,0,3-2-0,-1,-1,2,c5
184,1,1,0,0,1,3-2-0,-1,-1,1,c234
185,2,2,2,2,2,5-0-0,-1,-1,2,c5
186,2,2,0,0,2,3-2-0,-1,-1,2,c5
187,1,1,1,2,1,4-1-0,-1,-1,1,c234
188,1,1,2,2,1,3-2-0,-1,-1,1,c234
189,2,2,1,1,2,3-2-0,-1,-1,2,c5
190,1,2,2,2,1,3-2-0,-1,-1,2,c5
191,2,1,2,2,1,3-2-0,-1,-1,2,c5
192,2,2,2,2,2,5-0-0,-1,-1,2,c5
193,0,0,0,0,0,5-0-0,-1,-1,0,c1
194,0,0,0,0,0,5-0-0,-1,-1,0,c1
195,1,1,1,1,1,5-0-0,-1,-1,1,c234
196,2,2,1,1,2,3-2-0,-1,-1,2,c5
197,0,0,1,0,0,4-1-0,-1,-1,0,c1
198,2,2,1,1,2,3-2-0,-1,-1,2,c5
199,0,1,1,1,1,4-1-0,-1,-1,1,c234
200,1,2,0,1,1,3-1-1,-1,-1,1,c234
201,1,1,2,0,1,3-1-1,-1,-1,1,c234
202,2,1,2,1,1,3-2-0,-1,-1,1,c234
203,2,2,1,1,2,3-2-0,-1,-1,2,c5
204,0,0,0,0,1,4-1-0,-1,-1,0,c1
205,2,2,1,2,2,4-1-0,-1,-1,2,c5
206,0,0,0,0,0,5-0-0,-1,-1,0,c1
207,0,0,0,0,0,5-0-0,-1,-1,0,c1
208,1,1,2,2,1,3-2-0,-1,-1,1,c234
209,2,2,2,2,2,5-0-0,-1,-1,2,c5
210,0,0,0,0,0,5-0-0,-1,-1,0,c1
211,2,1,0,1,2,2-2-1,1,2,2,c5
212,2,1,2,2,1,3-2-0,-1,-1,2,c5
213,2,2,1,1,2,3-2-0,-1,-1,2,c5
214,2,2,2,0,2,4-1-0,-1,-1,2,c5
215,2,2,2,2,2,5-0-0,-1,-1,2,c5
216,2,1,0,1,2,2-2-1,1,2,2,c5
217,0,1,0,0,1,3-2-0,-1,-1,0,c1
218,2,2,2,2,2,5-0-0,-1,-1,2,c5
219,1,0,1,1,1,4-1-0,-1,-1,1,c234
220,1,1,2,2,2,3-2-0,-1,-1,2,c5
221,2,1,0,0,1,2-2-1,0,1,1,c234
222,2,1,1,1,2,3-2-0,-1,-1,1,c234
223,0,0,0,1,1,3-2-0,-1,-1,0,c1
224,0,0,0,0,0,5-0-0,-1,-1,0,c1
225,2,1,1,2,2,3-2-0,-1,-1,2,c5
226,0,0,1,0,0,4-1-0,-1,-1,0,c1
227,0,0,1,0,0,4-1-0,-1,-1,0,c1
228,1,1,1,1,1,5-0-0,-1,-1,1,c234
229,1,2,0,0,1,2-2-1,0,1,1,c234
230,2,0,0,0,1,3-1-1,-1,-1,0,c1
231,0,0,1,1,0,3-2-0,-1,-1,0,c1
232,1,1,0,0,1,3-2-0,-1,-1,1,c234
233,0,0,0,0,1,4-1-0,-1,-1,0,c1
234,1,1,1,1,1,5-0-0,-1,-1,1,c234
235,0,0,0,0,0,5-0-0,-1,-1,0,c1
236,1,0,0,0,1,3-2-0,-1,-1,0,c1
237,2,2,2,2,2,5-0-0,-1,-1,2,c5
238,2,1,1,1,2,3-2-0,-1,-1,1,c234
239,0,2,1,0,1,2-2-1,0,1,0,c1
240,2,0,2,2,1,3-1-1,-1,-1,2,c5
241,1,0,1,1,0,3-2-0,-1,-1,1,c234
242,1,1,1,1,1,5-0-0,-1,-1,1,c234
243,2,2,2,2,2,5-0-0,-1,-1,2,c5
244,1,0,1,2,1,3-1-1,-1,-1,1,c234
245,1,1,1,1,1,5-0-0,-1,-1,1,c234
246,0,2,1,0,1,2-2-1,0,1,0,c1
247,2,2,2,1,2,4-1-0,-1,-1,2,c5
248,2,2,0,0,2,3-2-0,-1,-1,2,c5
249,0,2,0,0,1,3-1-1,-1,-1,0,c1
250,2,2,0,2,2,4-1-0,-1,-1,2,c5
251,1,2,1,1,2,3-2-0,-1,-1,1,c234
252,1,1,1,1,1,5-0-0,-1,-1,1,c234
253,0,0,0,0,0,5-0-0,-1,-1,0,c1
254,0,0,0,0,0,5-0-0,-1,-1,0,c1
255,1,0,2,2,0,2-2-1,0,2,0,c1
256,1,0,1,1,1,4-1-0,-1,-1,1,c234
257,0,0,2,2,0,3-2-0,-1,-1,0,c1
258,0,0,0,0,0,5-0-0,-1,-1,0,c1
259,0,0,0,0,1,4-1-0,-1,-1,0,c1
260,0,0,0,0,1,4-1-0,-1,-1,0,c1
261,1,1,1,1,1,5-0-0,-1,-1,1,c234
262,2,2,1,2,2,4-1-0,-1,-1,2,c5
263,0,0,0,0,1,4-1-0,-1,-1,0,c1
264,0,0,0,1,0,4-1-0,-1,-1,0,c1
265,1,1,1,1,1,5-0-0,-1,-1,1,c234
266,2,2,2,2,1,4-1-0,-1,-1,2,c5
267,0,1,2,2,0,2-2-1,0,2,0,c1
268,1,0,2,2,1,2-2-1,1,2,1,c234
269,0,0,0,0,0,5-0-0,-1,-1,0,c1
270,1,1,0,0,1,3-2-0,-1,-1,1,c234
271,1,1,1,0,1,4-1-0,-1,-1,1,c234
272,0,0,1,1,0,3-2-0,-1,-1,0,c1
273,1,0,2,1,0,2-2-1,0,1,1,c234
274,0,0,0,0,1,4-1-0,-1,-1,0,c1
275,0,0,0,0,0,5-0-0,-1,-1,0,c1
276,0,0,0,0,0,5-0-0,-1,-1,0,c1
277,2,2,2,2,1,4-1-0,-1,-1,2,c5
278,0,0,2,2,0,3-2-0,-1,-1,0,c1
279,2,2,1,1,2,3-2-0,-1,-1,2,c5
280,0,2,2,2,2,4-1-0,-1,-1,2,c5
281,0,1,0,1,0,3-2-0,-1,-1,0,c1
282,1,1,2,2,0,2-2-1,1,2,1,c234
283,0,0,0,0,0,5-0-0,-1,-1,0,c1
284,2,2,2,2,2,5-0-0,-1,-1,2,c5
285,1,2,1,0,1,3-1-1,-1,-1,1,c234
286,1,2,1,2,2,3-2-0,-1,-1,2,c5
287,2,2,1,1,2,3-2-0,-1,-1,2,c5
288,1,1,2,2,1,3-2-0,-1,-1,1,c234
289,0,0,0,1,1,3-2-0,-1,-1,0,c1
290,0,0,0,0,0,5-0-0,-1,-1,0,c1
291,2,2,2,2,2,5-0-0,-1,-1,2,c5
292,2,2,0,2,2,4-1-0,-1,-1,2,c5
293,0,0,2,0,1,3-1-1,-1,-1,0,c1
294,0,1,0,0,0,4-1-0,-1,-1,0,c1
295,2,2,2,2,2,5-0-0,-1,-1,2,c5
296,0,0,0,0,1,4-1-0,-1,-1,0,c1
297,1,2,1,1,2,3-2-0,-1,-1,1,c234
298,1,1,0,2,2,2-2-1,1,2,1,c234
299,0,0,0,0,1,4-1-0,-1,-1,0,c1
300,0,0,0,2,1,3-1-1,-1,-1,0,c1
301,1,1,0,2,1,3-1-1,-1,-1,1,c234
302,2,2,2,2,2,5-0-0,-1,-1,2,c5
303,2,2,2,2,2,5-0-0,-1,-1,2,c5
304,0,0,1,1,0,3-2-0,-1,-1,0,c1
305,1,1,2,0,1,3-1-1,-1,-1,1,c234
306,0,0,0,1,0,4-1-0,-1,-1,0,c1
307,2,2,1,1,2,3-2-0,-1,-1,2,c5
308,2,2,2,2,2,5-0-0,-1,-1,2,c5
309,0,0,0,0,1,4-1-0,-1,-1,0,c1
310,2,2,2,2,2,5-0-0,-1,-1,2,c5
311,2,2,2,1,1,3-2-0,-1,-1,2,c5
312,2,2,2,2,2,5-0-0,-1,-1,2,c5
313,0,0,2,0,0,4-1-0,-1,-1,0,c1
314,2,2,1,1,2,3-2-0,-1,-1,2,c5
315,2,2,2,2,2,5-0-0,-1,-1,2,c5
316,0,0,0,0,0,5-0-0,-1,-1,0,c1
317,2,2,2,2,1,4-1-0,-1,-1,2,c5
318,1,0,0,0,1,3-2-0,-1,-1,0,c1
319,1,1,1,1,2,4-1-0,-1,-1,1,c234
320,2,2,2,2,2,5-0-0,-1,-1,2,c5
321,2,2,1,1,2,3-2-0,-1,-1,2,c5
322,0,0,0,0,0,5-0-0,-1,-1,0,c1
323,0,0,0,0,0,5-0-0,-1,-1,0,c1
324,1,2,0,0,1,2-2-1,0,1,1,c234
325,2,2,2,2,2,5-0-0,-1,-1,2,c5
326,2,2,2,2,2,5-0-0,-1,-1,2,c5
327,2,2,2,2,2,5-0-0,-1,-1,2,c5
328,0,2,0,0,1,3-1-1,-1,-1,0,c1
329,1,0,0,0,0,4-1-0,-1,-1,0,c1
330,2,2,1,1,1,3-2-0,-1,-1,1,c234
331,2,1,0,0,1,2-2-1,0,1,1,c234
332,0,1,1,1,1,4-1-0,-1,-1,1,c234
333,2,2,2,2,2,5-0-0,-1,-1,2,c5
334,0,0,0,0,0,5-0-0,-1,-1,0,c1
335,1,1,1,0,1,4-1-0,-1,-1,1,c234
336,1,1,0,1,1,4-1-0,-1,-1,1,c234
337,1,1,1,0,1,4-1-0,-1,-1,1,c234
338,1,1,1,1,2,4-1-0,-1,-1,1,c234
339,2,2,2,0,1,3-1-1,-1,-1,2,c5
340,0,0,0,0,1,4-1-0,-1,-1,0,c1
341,0,0,0,2,0,4-1-0,-1,-1,0,c1
342,0,0,0,0,0,5-0-0,-1,-1,0,c1
343,0,0,1,1,0,3-2-0,-1,-1,0,c1
344,2,2,0,2,2,4-1-0,-1,-1,2,c5
345,2,2,2,2,2,5-0-0,-1,-1,2,c5
346,1,1,1,1,1,5-0-0,-1,-1,1,c234
347,2,2,2,2,2,5-0-0,-1,-1,2,c5
348,1,1,1,0,1,4-1-0,-1,-1,1,c234
349,2,2,2,2,2,5-0-0,-1,-1,2,c5
350,2,2,1,1,2,3-2-0,-1,-1,2,c5
351,1,1,0,0,1,3-2-0,-1,-1,1,c234
352,2,2,2,2,2,5-0-0,-1,-1,2,c5
353,2,2,1,2,2,4-1-0,-1,-1,2,c5
354,1,1,1,1,1,5-0-0,-1,-1,1,c234
355,0,0,1,0,0,4-1-0,-1,-1,0,c1
356,0,0,0,0,1,4-1-0,-1,-1,0,c1
357,0,0,0,0,0,5-0-0,-1,-1,0,c1
358,1,1,1,2,1,4-1-0,-1,-1,1,c234
359,2,2,0,1,2,3-1-1,-1,-1,2,c5
360,2,2,0,2,2,4-1-0,-1,-1,2,c5
361,1,0,2,2,1,2-2-1,1,2,1,c234
362,1,1,1,2,1,4-1-0,-1,-1,1,c234
363,0,0,0,2,1,3-1-1,-1,-1,0,c1
364,2,1,2,2,2,4-1-0,-1,-1,2,c5
365,1,1,0,1,1,4-1-0,-1,-1,1,c234
366,1,2,2,2,2,4-1-0,-1,-1,2,c5
367,2,2,2,2,2,5-0-0,-1,-1,2,c5
368,1,0,0,0,1,3-2-0,-1,-1,0,c1
369,0,0,0,0,0,5-0-0,-1,-1,0,c1
370,0,0,0,0,0,5-0-0,-1,-1,0,c1
371,2,2,2,2,2,5-0-0,-1,-1,2,c5
372,1,2,0,1,1,3-1-1,-1,-1,1,c234
373,2,2,0,1,2,3-1-1,-1,-1,2,c5
374,0,0,0,0,0,5-0-0,-1,-1,0,c1
375,2,1,2,2,1,3-2-0,-1,-1,2,c5
376,1,2,2,2,2,4-1-0,-1,-1,2,c5
377,1,1,2,1,1,4-1-0,-1,-1,1,c234
378,2,2,2,2,1,4-1-0,-1,-1,2,c5
379,0,1,0,1,1,3-2-0,-1,-1,1,c234
380,2,2,2,2,1,4-1-0,-1,-1,2,c5
381,0,0,0,0,0,5-0-0,-1,-1,0,c1
382,0,1,2,0,1,2-2-1,0,1,0,c1
383,1,1,1,1,2,4-1-0,-1,-1,1,c234
384,2,2,2,2,2,5-0-0,-1,-1,2,c5
385,2,2,2,2,2,5-0-0,-1,-1,2,c5
386,0,0,0,0,1,4-1-0,-1,-1,0,c1
387,1,1,1,1,1,5-0-0,-1,-1,1,c234
388,0,0,0,0,1,4-1-0,-1,-1,0,c1
389,2,2,2,2,2,5-0-0,-1,-1,2,c5
390,1,1,1,1,1,5-0-0,-1,-1,1,c234
391,2,1,1,2,1,3-2-0,-1,-1,1,c234
392,2,2,2,2,2,5-0-0,-1,-1,2,c5
393,0,0,0,0,0,5-0-0,-1,-1,0,c1
394,2,2,2,2,2,5-0-0,-1,-1,2,c5
395,2,2,0,0,2,3-2-0,-1,-1,2,c5
396,0,0,1,0,0,4-1-0,-1,-1,0,c1
397,1,1,0,0,1,3-2-0,-1,-1,1,c234
398,1,2,1,1,2,3-2-0,-1,-1,1,c234
399,0,0,2,1,0,3-1-1,-1,-1,0,c1
400,2,0,0,2,1,2-2-1,0,2,2,c5
401,1,1,1,1,1,5-0-0,-1,-1,1,c234
402,1,2,2,2,2,4-1-0,-1,-1,2,c5
403,2,2,1,2,2,4-1-0,-1,-1,2,c5
404,0,0,1,1,1,3-2-0,-1,-1,1,c234
405,2,2,2,2,2,5-0-0,-1,-1,2,c5
406,0,0,0,2,0,4-1-0,-1,-1,0,c1
407,2,2,2,2,2,5-0-0,-1,-1,2,c5
408,0,0,0,0,0,5-0-0,-1,-1,0,c1
409,0,0,2,2,0,3-2-0,-1,-1,0,c1
410,1,2,1,1,1,4-1-0,-1,-1,1,c234
411,2,1,0,0,1,2-2-1,0,1,1,c234
412,0,1,2,1,1,3-1-1,-1,-1,1,c234
413,2,2,2,2,1,4-1-0,-1,-1,2,c5
414,2,2,2,2,2,5-0-0,-1,-1,2,c5
415,1,0,0,0,0,4-1-0,-1,-1,0,c1
416,0,0,0,0,0,5-0-0,-1,-1,0,c1
417,1,1,0,0,1,3-2-0,-1,-1,1,c234
418,2,2,0,0,2,3-2-0,-1,-1,2,c5
419,1,2,2,1,1,3-2-0,-1,-1,1,c234
420,0,0,0,1,0,4-1-0,-1,-1,0,c1
421,2,1,2,2,1,3-2-0,-1,-1,2,c5
422,1,1,1,1,1,5-0-0,-1,-1,1,c234
423,2,2,2,2,1,4-1-0,-1,-1,2,c5
424,1,1,0,0,1,3-2-0,-1,-1,1,c234
425,0,0,0,0,0,5-0-0,-1,-1,0,c1
426,2,2,2,2,2,5-0-0,-1,-1,2,c5
427,1,1,0,0,0,3-2-0,-1,-1,0,c1
428,2,2,1,2,2,4-1-0,-1,-1,2,c5
429,0,1,0,1,0,3-2-0,-1,-1,0,c1
430,1,2,2,0,1,2-2-1,1,2,1,c234
431,1,1,0,0,1,3-2-0,-1,-1,1,c234
432,1,1,0,0,1,3-2-0,-1,-1,1,c234
433,1,1,1,1,1,5-0-0,-1,-1,1,c234
434,2,2,2,2,2,5-0-0,-1,-1,2,c5
435,1,1,1,1,1,5-0-0,-1,-1,1,c234
436,1,1,1,1,1,5-0-0,-1,-1,1,c234
437,0,0,1,1,0,3-2-0,-1,-1,0,c1
438,0,0,1,0,0,4-1-0,-1,-1,0,c1
439,2,0,0,0,1,3-1-1,-1,-1,0,c1
440,1,1,0,0,1,3-2-0,-1,-1,1,c234
441,2,2,0,2,2,4-1-0,-1,-1,2,c5
442,1,1,1,1,2,4-1-0,-1,-1,1,c234
443,0,1,0,0,1,3-2-0,-1,-1,0,c1
444,1,1,1,1,1,5-0-0,-1,-1,1,c234
445,0,0,0,0,0,5-0-0,-1,-1,0,c1
446,2,2,2,2,2,5-0-0,-1,-1,2,c5
447,0,0,0,0,0,5-0-0,-1,-1,0,c1
448,2,1,0,1,2,2-2-1,1,2,2,c5
449,0,0,0,0,1,4-1-0,-1,-1,0,c1
450,0,1,2,0,1,2-2-1,0,1,0,c1
451,0,2,1,0,1,2-2-1,0,1,0,c1
452,0,0,2,0,0,4-1-0,-1,-1,0,c1
453,2,2,2,2,2,5-0-0,-1,-1,2,c5
454,1,1,1,1,1,5-0-0,-1,-1,1,c234
455,2,2,1,2,1,3-2-0,-1,-1,2,c5
456,1,1,1,1,1,5-0-0,-1,-1,1,c234
457,0,0,0,0,0,5-0-0,-1,-1,0,c1
458,0,0,2,1,0,3-1-1,-1,-1,0,c1
459,0,0,0,0,0,5-0-0,-1,-1,0,c1
460,2,2,2,2,2,5-0-0,-1,-1,2,c5
461,1,2,2,1,1,3-2-0,-1,-1,1,c234
462,0,0,1,0,1,3-2-0,-1,-1,0,c1
463,0,0,1,0,1,3-2-0,-1,-1,0,c1
464,2,2,2,2,2,5-0-0,-1,-1,2,c5
465,2,2,1,1,1,3-2-0,-1,-1,1,c234
466,0,1,2,1,1,3-1-1,-1,-1,1,c234
467,0,0,0,0,1,4-1-0,-1,-1,0,c1
468,1,1,2,1,2,3-2-0,-1,-1,1,c234
469,0,2,1,1,1,3-1-1,-1,-1,1,c234
470,2,2,2,2,2,5-0-0,-1,-1,2,c5
471,1,1,1,1,1,5-0-0,-1,-1,1,c234
472,1,1,1,1,1,5-0-0,-1,-1,1,c234
473,1,1,1,0,2,3-1-1,-1,-1,1,c234
474,0,0,1,1,1,3-2-0,-1,-1,1,c234
475,1,0,1,1,1,4-1-0,-1,-1,1,c234
476,1,1,0,2,1,3-1-1,-1,-1,1,c234
477,1,1,0,1,1,4-1-0,-1,-1,1,c234
478,0,0,0,0,0,5-0-0,-1,-1,0,c1
479,0,1,1,1,0,3-2-0,-1,-1,1,c234
480,0,0,0,1,0,4-1-0,-1,-1,0,c1
481,2,2,2,2,2,5-0-0,-1,-1,2,c5
482,2,2,1,2,2,4-1-0,-1,-1,2,c5
483,1,2,0,1,2,2-2-1,1,2,1,c234
484,2,1,1,1,1,4-1-0,-1,-1,1,c234
485,0,0,0,1,0,4-1-0,-1,-1,0,c1
486,1,1,1,2,1,4-1-0,-1,-1,1,c234
487,0,0,0,0,0,5-0-0,-1,-1,0,c1
488,0,0,1,1,1,3-2-0,-1,-1,1,c234
489,1,0,0,0,0,4-1-0,-1,-1,0,c1
490,1,1,1,1,1,5-0-0,-1,-1,1,c234
491,1,1,0,2,1,3-1-1,-1,-1,1,c234
492,1,2,1,0,2,2-2-1,1,2,1,c234
493,2,2,1,2,2,4-1-0,-1,-1,2,c5
494,0,0,1,1,0,3-2-0,-1,-1,0,c1
495,2,2,2,2,2,5-0-0,-1,-1,2,c5
496,1,1,0,2,1,3-1-1,-1,-1,1,c234
497,0,1,2,0,1,2-2-1,0,1,0,c1
498,2,2,1,1,1,3-2-0,-1,-1,1,c234
499,2,2,0,2,1,3-1-1,-1,-1,2,c5
500,1,0,0,2,0,3-1-1,-1,-1,0,c1
501,1,2,2,2,1,3-2-0,-1,-1,2,c5
502,2,2,2,1,1,3-2-0,-1,-1,2,c5
503,0,0,0,0,0,5-0-0,-1,-1,0,c1
504,0,2,1,1,1,3-1-1,-1,-1,1,c234
505,1,0,0,1,1,3-2-0,-1,-1,1,c234
506,2,2,2,2,2,5-0-0,-1,-1,2,c5
507,1,0,1,1,0,3-2-0,-1,-1,1,c234
508,2,1,2,2,1,3-2-0,-1,-1,2,c5
509,0,0,1,1,0,3-2-0,-1,-1,0,c1
510,2,2,1,2,2,4-1-0,-1,-1,2,c5
511,0,0,0,0,0,5-0-0,-1,-1,0,c1
512,0,0,2,2,1,2-2-1,0,2,0,c1
513,0,0,0,0,0,5-0-0,-1,-1,0,c1
514,2,2,1,2,2,4-1-0,-1,-1,2,c5
515,2,2,1,1,2,3-2-0,-1,-1,2,c5
516,0,2,0,0,1,3-1-1,-1,-1,0,c1
517,2,2,2,2,2,5-0-0,-1,-1,2,c5
518,2,2,2,2,2,5-0-0,-1,-1,2,c5
519,0,0,0,0,0,5-0-0,-1,-1,0,c1
520,0,0,0,0,1,4-1-0,-1,-1,0,c1
521,2,2,2,2,1,4-1-0,-1,-1,2,c5
522,1,1,1,1,1,5-0-0,-1,-1,1,c234
523,0,0,1,1,0,3-2-0,-1,-1,0,c1
524,0,0,1,1,0,3-2-0,-1,-1,0,c1
525,0,1,1,1,0,3-2-0,-1,-1,1,c234
526,1,0,0,0,1,3-2-0,-1,-1,0,c1
527,2,2,1,1,2,3-2-0,-1,-1,2,c5
528,1,1,1,1,1,5-0-0,-1,-1,1,c234
529,0,0,0,1,1,3-2-0,-1,-1,0,c1
530,1,1,2,1,1,4-1-0,-1,-1,1,c234
531,1,2,0,0,1,2-2-1,0,1,1,c234
532,2,1,2,2,2,4-1-0,-1,-1,2,c5
533,0,2,2,2,1,3-1-1,-1,-1,2,c5
534,1,1,2,1,2,3-2-0,-1,-1,1,c234
535,2,1,1,1,1,4-1-0,-1,-1,1,c234
536,1,0,0,1,0,3-2-0,-1,-1,0,c1
537,1,1,1,1,1,5-0-0,-1,-1,1,c234
538,0,0,1,1,1,3-2-0,-1,-1,1,c234
539,0,0,0,0,0,5-0-0,-1,-1,0,c1
540,2,2,2,2,2,5-0-0,-1,-1,2,c5
541,0,0,0,0,0,5-0-0,-1,-1,0,c1
542,2,2,2,2,2,5-0-0,-1,-1,2,c5
543,2,2,2,0,2,4-1-0,-1,-1,2,c5
544,1,1,2,2,0,2-2-1,1,2,1,c234
545,1,1,0,1,1,4-1-0,-1,-1,1,c234
546,1,0,0,0,2,3-1-1,-1,-1,0,c1
547,1,1,1,1,1,5-0-0,-1,-1,1,c234
548,2,2,2,2,2,5-0-0,-1,-1,2,c5
549,2,2,2,2,2,5-0-0,-1,-1,2,c5
550,2,2,2,2,2,5-0-0,-1,-1,2,c5
551,1,1,2,1,1,4-1-0,-1,-1,1,c234
552,2,2,1,2,2,4-1-0,-1,-1,2,c5
553,1,1,1,0,1,4-1-0,-1,-1,1,c234
554,2,2,2,2,1,4-1-0,-1,-1,2,c5
555,1,1,1,0,1,4-1-0,-1,-1,1,c234
556,1,1,1,1,2,4-1-0,-1,-1,1,c234
557,2,2,2,2,1,4-1-0,-1,-1,2,c5
558,2,2,2,0,2,4-1-0,-1,-1,2,c5
559,1,1,2,1,1,4-1-0,-1,-1,1,c234
560,2,2,2,2,2,5-0-0,-1,-1,2,c5
561,0,0,0,0,0,5-0-0,-1,-1,0,c1
562,2,2,2,2,2,5-0-0,-1,-1,2,c5
563,2,2,2,2,2,5-0-0,-1,-1,2,c5
564,1,1,1,1,1,5-0-0,-1,-1,1,c234
565,0,1,1,1,1,4-1-0,-1,-1,1,c234
566,2,2,1,1,2,3-2-0,-1,-1,2,c5
567,2,2,1,2,2,4-1-0,-1,-1,2,c5
568,1,1,1,1,1,5-0-0,-1,-1,1,c234
569,2,2,2,2,2,5-0-0,-1,-1,2,c5
570,1,1,1,1,1,5-0-0,-1,-1,1,c234
571,2,2,2,2,2,5-0-0,-1,-1,2,c5
572,1,1,2,1,2,3-2-0,-1,-1,1,c234
573,0,0,0,0,1,4-1-0,-1,-1,0,c1
574,2,2,2,2,2,5-0-0,-1,-1,2,c5
575,2,1,2,2,1,3-2-0,-1,-1,2,c5
576,0,0,0,1,1,3-2-0,-1,-1,0,c1
577,1,1,1,2,1,4-1-0,-1,-1,1,c234
578,1,1,1,1,1,5-0-0,-1,-1,1,c234
579,1,0,1,1,1,4-1-0,-1,-1,1,c234
580,2,2,2,2,2,5-0-0,-1,-1,2,c5
581,2,1,2,2,2,4-1-0,-1,-1,2,c5
582,0,0,0,0,0,5-0-0,-1,-1,0,c1
583,0,0,0,0,0,5-0-0,-1,-1,0,c1
584,1,1,1,1,1,5-0-0,-1,-1,1,c234
585,2,2,2,2,2,5-0-0,-1,-1,2,c5
586,0,2,1,0,1,2-2-1,0,1,0,c1
587,2,2,1,1,1,3-2-0,-1,-1,1,c234
588,0,0,1,0,0,4-1-0,-1,-1,0,c1
589,2,2,2,2,2,5-0-0,-1,-1,2,c5
590,2,2,1,1,2,3-2-0,-1,-1,2,c5
591,2,2,0,2,2,4-1-0,-1,-1,2,c5
592,0,0,1,1,1,3-2-0,-1,-1,1,c234
593,2,1,1,1,2,3-2-0,-1,-1,1,c234
594,2,2,2,2,2,5-0-0,-1,-1,2,c5
595,2,2,1,1,2,3-2-0,-1,-1,2,c5
596,1,1,1,1,0,4-1-0,-1,-1,1,c234
597,0,0,0,0,1,4-1-0,-1,-1,0,c1
598,2,2,2,2,2,5-0-0,-1,-1,2,c5
599,2,2,2,2,2,5-0-0,-1,-1,2,c5
600,0,0,0,0,0,5-0-0,-1,-1,0,c1
601,0,2,2,2,2,4-1-0,-1,-1,2,c5
602,2,1,1,1,2,3-2-0,-1,-1,1,c234
603,1,1,0,0,1,3-2-0,-1,-1,1,c234
604,0,0,0,0,0,5-0-0,-1,-1,0,c1
605,1,1,0,0,1,3-2-0,-1,-1,1,c234
606,2,2,1,2,2,4-1-0,-1,-1,2,c5
607,0,0,0,0,0,5-0-0,-1,-1,0,c1
608,2,2,2,2,2,5-0-0,-1,-1,2,c5
609,0,0,0,0,0,5-0-0,-1,-1,0,c1
610,2,2,2,2,2,5-0-0,-1,-1,2,c5
611,0,0,2,0,0,4-1-0,-1,-1,0,c1
612,0,0,0,0,0,5-0-0,-1,-1,0,c1
613,1,0,1,1,1,4-1-0,-1,-1,1,c234
614,0,0,0,0,0,5-0-0,-1,-1,0,c1
615,1,2,0,1,2,2-2-1,1,2,1,c234
616,2,2,2,1,2,4-1-0,-1,-1,2,c5
617,1,1,0,0,2,2-2-1,0,1,1,c234
618,2,0,1,0,1,2-2-1,0,1,0,c1
619,0,0,0,0,0,5-0-0,-1,-1,0,c1
620,1,1,0,0,1,3-2-0,-1,-1,1,c234
621,2,2,2,2,2,5-0-0,-1,-1,2,c5
622,1,1,1,1,2,4-1-0,-1,-1,1,c234
623,0,0,0,0,0,5-0-0,-1,-1,0,c1
624,2,2,2,2,2,5-0-0,-1,-1,2,c5
625,1,1,1,1,1,5-0-0,-1,-1,1,c234
626,2,2,0,1,1,2-2-1,1,2,2,c5
627,2,1,1,2,2,3-2-0,-1,-1,2,c5
628,2,2,2,2,1,4-1-0,-1,-1,2,c5
629,2,2,0,2,1,3-1-1,-1,-1,2,c5
630,1,1,2,0,1,3-1-1,-1,-1,1,c234
631,2,2,2,2,2,5-0-0,-1,-1,2,c5
632,2,1,1,1,2,3-2-0,-1,-1,1,c234
633,0,0,1,1,0,3-2-0,-1,-1,0,c1
634,1,2,1,1,1,4-1-0,-1,-1,1,c234
635,0,0,0,0,0,5-0-0,-1,-1,0,c1
636,0,0,1,1,0,3-2-0,-1,-1,0,c1
637,2,2,2,2,2,5-0-0,-1,-1,2,c5
638,1,2,2,2,1,3-2-0,-1,-1,2,c5
639,0,0,0,0,0,5-0-0,-1,-1,0,c1
640,1,1,1,2,2,3-2-0,-1,-1,1,c234
641,2,2,2,2,2,5-0-0,-1,-1,2,c5
642,0,0,2,2,0,3-2-0,-1,-1,0,c1
643,0,1,1,1,1,4-1-0,-1,-1,1,c234
644,2,1,1,2,1,3-2-0,-1,-1,1,c234
645,1,0,1,1,1,4-1-0,-1,-1,1,c234
646,2,1,2,2,2,4-1-0,-1,-1,2,c5
647,2,2,2,2,2,5-0-0,-1,-1,2,c5
648,0,2,2,2,1,3-1-1,-1,-1,2,c5
649,0,2,1,2,1,2-2-1,1,2,2,c5
650,2,2,1,1,2,3-2-0,-1,-1,2,c5
651,2,1,2,1,1,3-2-0,-1,-1,1,c234
652,1,1,1,1,1,5-0-0,-1,-1,1,c234
653,2,2,2,2,2,5-0-0,-1,-1,2,c5
654,2,2,2,2,2,5-0-0,-1,-1,2,c5
655,2,2,2,2,2,5-0-0,-1,-1,2,c5
656,1,1,1,1,1,5-0-0,-1,-1,1,c234
657,1,2,1,2,1,3-2-0,-1,-1,1,c234
658,1,1,0,0,1,3-2-0,-1,-1,1,c234
659,2,2,1,2,2,4-1-0,-1,-1,2,c5
660,2,2,1,2,2,4-1-0,-1,-1,2,c5
661,2,2,2,2,2,5-0-0,-1,-1,2,c5
662,2,2,2,2,2,5-0-0,-1,-1,2,c5
663,0,0,1,1,1,3-2-0,-1,-1,1,c234
664,2,2,2,2,2,5-0-0,-1,-1,2,c5
665,0,0,0,0,1,4-1-0,-1,-1,0,c1
666,2,2,1,2,2,4-1-0,-1,-1,2,c5
667,1,1,0,0,1,3-2-0,-1,-1,1,c234
668,2,2,1,2,2,4-1-0,-1,-1,2,c5
669,0,0,0,1,1,3-2-0,-1,-1,0,c1
670,1,0,0,0,1,3-2-0,-1,-1,0,c1
671,1,1,1,1,2,4-1-0,-1,-1,1,c234
672,2,2,2,2,2,5-0-0,-1,-1,2,c5
673,2,2,2,0,2,4-1-0,-1,-1,2,c5
674,1,1,0,0,0,3-2-0,-1,-1,0,c1
675,1,1,1,1,1,5-0-0,-1,-1,1,c234
676,1,0,0,0,0,4-1-0,-1,-1,0,c1
677,2,2,2,2,2,5-0-0,-1,-1,2,c5
678,0,0,0,0,0,5-0-0,-1,-1,0,c1
679,0,0,0,0,0,5-0-0,-1,-1,0,c1
680,1,1,1,0,2,3-1-1,-1,-1,1,c234
681,1,1,1,1,1,5-0-0,-1,-1,1,c234
682,1,1,2,1,1,4-1-0,-1,-1,1,c234
683,2,2,2,2,2,5-0-0,-1,-1,2,c5
684,1,1,1,1,1,5-0-0,-1,-1,1,c234
685,2,2,0,0,2,3-2-0,-1,-1,2,c5
686,2,2,2,2,1,4-1-0,-1,-1,2,c5
687,0,0,0,0,1,4-1-0,-1,-1,0,c1
688,0,0,0,0,0,5-0-0,-1,-1,0,c1
689,2,2,1,1,2,3-2-0,-1,-1,2,c5
690,2,0,2,0,1,2-2-1,0,2,2,c5
691,0,2,2,2,1,3-1-1,-1,-1,2,c5
692,0,0,0,0,0,5-0-0,-1,-1,0,c1
693,2,0,2,2,0,3-2-0,-1,-1,2,c5
694,2,2,2,2,2,5-0-0,-1,-1,2,c5
695,2,0,1,1,1,3-1-1,-1,-1,1,c234
696,1,0,0,0,1,3-2-0,-1,-1,0,c1
697,0,0,2,0,1,3-1-1,-1,-1,0,c1
698,2,1,2,2,1,3-2-0,-1,-1,2,c5
699,0,0,1,1,0,3-2-0,-1,-1,0,c1
700,1,1,2,2,1,3-2-0,-1,-1,1,c234
701,0,0,0,0,0,5-0-0,-1,-1,0,c1
702,0,0,1,0,0,4-1-0,-1,-1,0,c1
703,0,0,0,0,0,5-0-0,-1,-1,0,c1
704,0,0,0,0,0,5-0-0,-1,-1,0,c1
705,2,2,2,2,2,5-0-0,-1,-1,2,c5
706,2,2,2,2,2,5-0-0,-1,-1,2,c5
707,0,0,2,0,1,3-1-1,-1,-1,0,c1
708,0,0,0,0,0,5-0-0,-1,-1,0,c1
709,2,2,2,1,2,4-1-0,-1,-1,2,c5
710,1,2,1,2,2,3-2-0,-1,-1,2,c5
711,2,2,2,2,1,4-1-0,-1,-1,2,c5
712,1,1,2,2,1,3-2-0,-1,-1,1,c234
713,1,1,1,1,1,5-0-0,-1,-1,1,c234
714,1,1,0,0,1,3-2-0,-1,-1,1,c234
715,2,2,2,2,2,5-0-0,-1,-1,2,c5
716,2,2,1,1,2,3-2-0,-1,-1,2,c5
717,2,2,2,2,2,5-0-0,-1,-1,2,c5
718,1,1,1,1,1,5-0-0,-1,-1,1,c234
719,2,2,2,2,2,5-0-0,-1,-1,2,c5
720,2,2,2,1,2,4-1-0,-1,-1,2,c5
721,2,2,1,1,2,3-2-0,-1,-1,2,c5
722,1,1,1,1,1,5-0-0,-1,-1,1,c234
723,0,0,1,1,0,3-2-0,-1,-1,0,c1
724,2,2,2,2,2,5-0-0,-1,-1,2,c5
725,1,1,1,1,1,5-0-0,-1,-1,1,c234
726,0,0,0,0,0,5-0-0,-1,-1,0,c1
727,0,0,0,0,0,5-0-0,-1,-1,0,c1
728,2,2,0,2,1,3-1-1,-1,-1,2,c5
729,2,2,2,2,1,4-1-0,-1,-1,2,c5
730,1,2,0,0,1,2-2-1,0,1,1,c234
731,1,1,0,0,1,3-2-0,-1,-1,1,c234
732,2,1,1,1,2,3-2-0,-1,-1,1,c234
733,1,1,2,1,1,4-1-0,-1,-1,1,c234
734,1,1,1,1,1,5-0-0,-1,-1,1,c234
735,2,2,1,0,2,3-1-1,-1,-1,2,c5
736,2,2,2,2,1,4-1-0,-1,-1,2,c5
737,1,2,1,1,1,4-1-0,-1,-1,1,c234
738,0,0,1,0,0,4-1-0,-1,-1,0,c1
739,1,1,1,2,1,4-1-0,-1,-1,1,c234
740,1,1,0,0,1,3-2-0,-1,-1,1,c234
741,0,0,2,2,1,2-2-1,0,2,0,c1
742,2,2,2,2,2,5-0-0,-1,-1,2,c5
743,2,2,2,2,1,4-1-0,-1,-1,2,c5
744,2,2,1,1,2,3-2-0,-1,-1,2,c5
745,2,2,2,2,2,5-0-0,-1,-1,2,c5
746,1,0,2,2,0,2-2-1,0,2,0,c1
747,2,2,2,2,2,5-0-0,-1,-1,2,c5
748,2,2,2,1,2,4-1-0,-1,-1,2,c5
749,0,0,0,0,0,5-0-0,-1,-1,0,c1
750,1,2,0,0,2,2-2-1,0,2,2,c5
751,1,0,0,0,1,3-2-0,-1,-1,0,c1
752,0,0,0,1,0,4-1-0,-1,-1,0,c1
753,0,0,0,0,0,5-0-0,-1,-1,0,c1
754,0,1,0,1,1,3-2-0,-1,-1,1,c234
755,2,2,0,0,1,2-2-1,0,2,2,c5
756,2,2,0,1,2,3-1-1,-1,-1,2,c5
757,0,0,2,2,1,2-2-1,0,2,0,c1
758,2,2,2,2,2,5-0-0,-1,-1,2,c5
759,1,1,0,0,2,2-2-1,0,1,1,c234
760,0,0,1,0,0,4-1-0,-1,-1,0,c1
761,2,1,1,0,1,3-1-1,-1,-1,1,c234
762,1,1,1,1,2,4-1-0,-1,-1,1,c234
763,0,0,2,1,0,3-1-1,-1,-1,0,c1
764,2,2,2,2,1,4-1-0,-1,-1,2,c5
765,0,0,0,0,0,5-0-0,-1,-1,0,c1
766,0,0,0,0,0,5-0-0,-1,-1,0,c1
767,0,0,1,1,1,3-2-0,-1,-1,1,c234
768,2,2,1,2,2,4-1-0,-1,-1,2,c5
769,2,2,2,2,2,5-0-0,-1,-1,2,c5
770,2,1,2,1,1,3-2-0,-1,-1,1,c234
771,1,1,0,0,1,3-2-0,-1,-1,1,c234
772,2,2,1,1,2,3-2-0,-1,-1,2,c5
773,0,0,0,0,1,4-1-0,-1,-1,0,c1
774,1,1,1,1,1,5-0-0,-1,-1,1,c234
775,0,0,0,0,0,5-0-0,-1,-1,0,c1
776,2,2,0,2,2,4-1-0,-1,-1,2,c5
777,0,0,0,0,0,5-0-0,-1,-1,0,c1
778,1,1,1,1,1,5-0-0,-1,-1,1,c234
779,0,2,2,1,1,2-2-1,1,2,2,c5
780,0,0,0,0,0,5-0-0,-1,-1,0,c1
781,0,0,0,0,0,5-0-0,-1,-1,0,c1
782,2,2,2,1,2,4-1-0,-1,-1,2,c5
783,2,2,1,0,1,2-2-1,1,2,2,c5
784,2,2,2,2,2,5-0-0,-1,-1,2,c5
785,1,1,1,1,0,4-1-0,-1,-1,1,c234
786,2,2,2,2,1,4-1-0,-1,-1,2,c5
787,2,1,2,2,1,3-2-0,-1,-1,2,c5
788,1,1,1,1,2,4-1-0,-1,-1,1,c234
789,2,2,2,2,2,5-0-0,-1,-1,2,c5
790,0,1,2,2,1,2-2-1,1,2,1,c234
791,0,0,1,1,0,3-2-0,-1,-1,0,c1
792,0,0,0,0,0,5-0-0,-1,-1,0,c1
793,1,1,0,1,1,4-1-0,-1,-1,1,c234
794,0,0,0,0,1,4-1-0,-1,-1,0,c1
795,1,0,1,1,0,3-2-0,-1,-1,1,c234
796,0,1,0,0,0,4-1-0,-1,-1,0,c1
797,0,0,0,0,1,4-1-0,-1,-1,0,c1
798,0,0,1,0,0,4-1-0,-1,-1,0,c1
799,2,2,2,2,2,5-0-0,-1,-1,2,c5
800,2,2,1,1,2,3-2-0,-1,-1,2,c5
801,2,2,2,2,2,5-0-0,-1,-1,2,c5
802,1,2,2,1,1,3-2-0,-1,-1,1,c234
803,2,2,2,2,2,5-0-0,-1,-1,2,c5
804,0,0,0,0,0,5-0-0,-1,-1,0,c1
805,2,2,2,2,2,5-0-0,-1,-1,2,c5
806,2,2,2,2,2,5-0-0,-1,-1,2,c5
807,0,0,2,1,0,3-1-1,-1,-1,0,c1
808,2,2,2,2,1,4-1-0,-1,-1,2,c5
809,0,0,0,0,0,5-0-0,-1,-1,0,c1
810,0,1,1,1,1,4-1-0,-1,-1,1,c234
811,2,2,2,2,2,5-0-0,-1,-1,2,c5
812,1,1,1,0,1,4-1-0,-1,-1,1,c234
813,2,2,2,2,2,5-0-0,-1,-1,2,c5
814,2,2,0,0,1,2-2-1,0,2,2,c5
815,0,0,0,0,1,4-1-0,-1,-1,0,c1
816,2,2,2,1,1,3-2-0,-1,-1,2,c5
817,0,0,0,0,0,5-0-0,-1,-1,0,c1
818,1,1,0,1,1,4-1-0,-1,-1,1,c234
819,2,2,2,2,2,5-0-0,-1,-1,2,c5
820,0,0,0,1,0,4-1-0,-1,-1,0,c1
821,1,1,2,1,1,4-1-0,-1,-1,1,c234
822,1,1,0,0,1,3-2-0,-1,-1,1,c234
823,1,1,1,1,1,5-0-0,-1,-1,1,c234
824,1,1,1,1,1,5-0-0,-1,-1,1,c234
825,0,0,1,1,1,3-2-0,-1,-1,1,c234
826,2,2,2,2,2,5-0-0,-1,-1,2,c5
827,2,2,2,2,2,5-0-0,-1,-1,2,c5
828,1,1,1,1,1,5-0-0,-1,-1,1,c234
829,2,2,1,2,2,4-1-0,-1,-1,2,c5
830,2,2,2,1,1,3-2-0,-1,-1,2,c5
831,0,0,1,1,1,3-2-0,-1,-1,1,c234
832,1,1,0,0,1,3-2-0,-1,-1,1,c234
833,0,0,0,0,0,5-0-0,-1,-1,0,c1
834,2,2,2,2,2,5-0-0,-1,-1,2,c5
835,0,0,0,0,0,5-0-0,-1,-1,0,c1
836,1,1,1,1,1,5-0-0,-1,-1,1,c234
837,1,0,0,1,0,3-2-0,-1,-1,0,c1
838,2,2,2,0,1,3-1-1,-1,-1,2,c5
839,0,0,0,0,0,5-0-0,-1,-1,0,c1
840,2,2,0,2,2,4-1-0,-1,-1,2,c5
841,2,2,2,2,2,5-0-0,-1,-1,2,c5
842,1,2,2,2,1,3-2-0,-1,-1,2,c5
843,2,2,2,2,2,5-0-0,-1,-1,2,c5
844,0,1,0,0,2,3-1-1,-1,-1,0,c1
845,1,1,0,0,1,3-2-0,-1,-1,1,c234
846,0,0,0,0,1,4-1-0,-1,-1,0,c1
847,0,0,0,0,0,5-0-0,-1,-1,0,c1
848,0,0,0,0,0,5-0-0,-1,-1,0,c1
849,1,0,1,2,1,3-1-1,-1,-1,1,c234
850,1,1,0,0,1,3-2-0,-1,-1,1,c234
851,1,0,1,1,1,4-1-0,-1,-1,1,c234
852,1,1,1,1,1,5-0-0,-1,-1,1,c234
853,1,1,1,2,1,4-1-0,-1,-1,1,c234
854,0,0,1,1,0,3-2-0,-1,-1,0,c1
855,1,1,0,0,1,3-2-0,-1,-1,1,c234
856,2,1,2,2,1,3-2-0,-1,-1,2,c5
857,0,0,2,0,0,4-1-0,-1,-1,0,c1
858,2,1,2,2,1,3-2-0,-1,-1,2,c5
859,0,0,1,1,1,3-2-0,-1,-1,1,c234
860,1,1,1,1,2,4-1-0,-1,-1,1,c234
861,0,0,0,0,0,5-0-0,-1,-1,0,c1
862,1,2,2,2,1,3-2-0,-1,-1,2,c5
863,0,0,0,0,0,5-0-0,-1,-1,0,c1
864,2,2,2,0,1,3-1-1,-1,-1,2,c5
865,2,2,2,2,2,5-0-0,-1,-1,2,c5
866,0,0,1,0,0,4-1-0,-1,-1,0,c1
867,1,2,2,2,1,3-2-0,-1,-1,2,c5
868,2,2,2,2,1,4-1-0,-1,-1,2,c5
869,0,0,2,0,1,3-1-1,-1,-1,0,c1
870,0,0,0,0,0,5-0-0,-1,-1,0,c1
871,2,2,2,2,2,5-0-0,-1,-1,2,c5
872,2,2,2,2,2,5-0-0,-1,-1,2,c5
873,1,1,1,1,0,4-1-0,-1,-1,1,c234
874,0,0,0,0,0,5-0-0,-1,-1,0,c1
875,1,1,2,2,1,3-2-0,-1,-1,1,c234
876,0,0,0,0,0,5-0-0,-1,-1,0,c1
877,1,0,1,1,1,4-1-0,-1,-1,1,c234
878,2,2,2,2,2,5-0-0,-1,-1,2,c5
879,0,1,0,0,1,3-2-0,-1,-1,0,c1
880,1,0,1,1,1,4-1-0,-1,-1,1,c234
881,1,1,1,1,1,5-0-0,-1,-1,1,c234
882,2,2,1,1,2,3-2-0,-1,-1,2,c5
883,1,1,1,1,1,5-0-0,-1,-1,1,c234
884,1,1,1,1,1,5-0-0,-1,-1,1,c234
885,2,2,2,2,2,5-0-0,-1,-1,2,c5
886,0,0,1,1,1,3-2-0,-1,-1,1,c234
887,1,0,1,1,1,4-1-0,-1,-1,1,c234
888,2,2,1,1,1,3-2-0,-1,-1,1,c234
889,2,0,0,0,1,3-1-1,-1,-1,0,c1
890,1,1,1,2,2,3-2-0,-1,-1,1,c234
891,0,0,0,0,0,5-0-0,-1,-1,0,c1
892,2,2,2,2,2,5-0-0,-1,-1,2,c5
893,2,2,2,2,2,5-0-0,-1,-1,2,c5
894,0,0,0,0,1,4-1-0,-1,-1,0,c1
895,0,0,0,0,0,5-0-0,-1,-1,0,c1
896,2,2,2,2,2,5-0-0,-1,-1,2,c5
897,2,2,2,2,0,4-1-0,-1,-1,2,c5
898,0,0,0,0,0,5-0-0,-1,-1,0,c1
899,1,1,1,1,1,5-0-0,-1,-1,1,c234
