fold,loss,grad_norm,learning_rate,epoch,step,eval_loss,eval_accuracy,eval_macro_f1,eval_runtime,eval_samples_per_second,eval_steps_per_second,train_runtime,train_samples_per_second,train_steps_per_second,total_flos,train_loss
0,1.1117532348632813,2.0654263496398926,2.852238805970149e-05,0.09952724558347847,100,,,,,,,,,,,
0,1.0951092529296875,2.2532076835632324,2.7029850746268658e-05,0.19905449116695695,200,,,,,,,,,,,
0,1.086777801513672,1.738154411315918,2.553731343283582e-05,0.2985817367504354,300,,,,,,,,,,,
0,1.0626670837402343,2.3775525093078613,2.4044776119402987e-05,0.3981089823339139,400,,,,,,,,,,,
0,1.0497123718261718,2.7073726654052734,2.255223880597015e-05,0.49763622791739237,500,,,,,,,,,,,
0,1.069055633544922,2.3962247371673584,2.1059701492537313e-05,0.5971634735008708,600,,,,,,,,,,,
0,1.0750558471679688,2.5910232067108154,1.956716417910448e-05,0.6966907190843493,700,,,,,,,,,,,
0,1.0408720397949218,4.976309299468994,1.8074626865671642e-05,0.7962179646678278,800,,,,,,,,,,,
0,1.0526992797851562,3.4679667949676514,1.658208955223881e-05,0.8957452102513063,900,,,,,,,,,,,
0,1.051259765625,2.630635976791382,1.5089552238805971e-05,0.9952724558347847,1000,,,,,,,,,,,
0,,,,1.0,1005,1.029000163078308,0.4720079621796467,0.46991156684524094,577.8193,6.955,1.739,,,,,
0,1.0002268981933593,3.035996913909912,1.3597014925373134e-05,1.0945508833043045,1100,,,,,,,,,,,
0,1.0004497528076173,3.683051586151123,1.2104477611940299e-05,1.194078128887783,1200,,,,,,,,,,,
0,1.0065357208251953,3.9224534034729004,1.0611940298507462e-05,1.2936053744712614,1300,,,,,,,,,,,
0,0.9929442596435547,3.2421531677246094,9.119402985074627e-06,1.39313262005474,1400,,,,,,,,,,,
0,1.0043502807617188,3.9928932189941406,7.626865671641791e-06,1.4926598656382184,1500,,,,,,,,,,,
0,0.9594273376464844,4.059737205505371,6.134328358208955e-06,1.592187111221697,1600,,,,,,,,,,,
0,0.9854684448242188,3.4747748374938965,4.64179104477612e-06,1.6917143568051753,1700,,,,,,,,,,,
0,0.9921808624267578,4.181520462036133,3.1492537313432834e-06,1.791241602388654,1800,,,,,,,,,,,
0,0.9838425445556641,4.592044353485107,1.6567164179104479e-06,1.8907688479721325,1900,,,,,,,,,,,
0,0.9658975219726562,3.694056272506714,1.6417910447761195e-07,1.9902960935556109,2000,,,,,,,,,,,
0,,,,2.0,2010,1.0364625453948975,0.4687733266981836,0.4588660397660573,578.9305,6.942,1.736,,,,,
0,,,,2.0,2010,,,,,,,15023.1546,2.14,0.134,6508238346957186.0,1.0290444521168571
