row_id,y_pred_id,y_pred
0,1,c234
1,1,c234
2,0,c1
3,0,c1
4,1,c234
5,0,c1
6,1,c234
7,1,c234
8,2,c5
9,0,c1
10,1,c234
11,0,c1
12,0,c1
13,0,c1
14,1,c234
15,2,c5
16,2,c5
17,1,c234
18,1,c234
19,2,c5
20,0,c1
21,2,c5
22,2,c5
23,0,c1
24,1,c234
25,1,c234
26,2,c5
27,0,c1
28,1,c234
29,1,c234
30,0,c1
31,2,c5
32,1,c234
33,1,c234
34,2,c5
35,1,c234
36,2,c5
37,0,c1
38,0,c1
39,2,c5
40,2,c5
41,1,c234
42,0,c1
43,1,c234
44,0,c1
45,2,c5
46,1,c234
47,1,c234
48,2,c5
49,2,c5
50,2,c5
51,0,c1
52,1,c234
53,1,c234
54,0,c1
55,2,c5
56,0,c1
57,2,c5
58,2,c5
59,1,c234
60,1,c234
61,1,c234
62,1,c234
63,0,c1
64,0,c1
65,1,c234
66,2,c5
67,2,c5
68,0,c1
69,0,c1
70,2,c5
71,0,c1
72,1,c234
73,1,c234
74,1,c234
75,0,c1
76,1,c234
77,2,c5
78,2,c5
79,0,c1
80,0,c1
81,0,c1
82,1,c234
83,2,c5
84,0,c1
85,0,c1
86,1,c234
87,0,c1
88,0,c1
89,0,c1
90,0,c1
91,0,c1
92,2,c5
93,0,c1
94,1,c234
95,0,c1
96,1,c234
97,0,c1
98,1,c234
99,2,c5
100,2,c5
101,0,c1
102,2,c5
103,1,c234
104,1,c234
105,2,c5
106,2,c5
107,1,c234
108,1,c234
109,1,c234
110,1,c234
111,0,c1
112,2,c5
113,2,c5
114,0,c1
115,1,c234
116,1,c234
117,2,c5
118,1,c234
119,1,c234
120,2,c5
121,1,c234
122,2,c5
123,2,c5
124,2,c5
125,0,c1
126,0,c1
127,0,c1
128,2,c5
129,1,c234
130,2,c5
131,0,c1
132,1,c234
133,1,c234
134,1,c234
135,1,c234
136,2,c5
137,1,c234
138,2,c5
139,0,c1
140,0,c1
141,1,c234
142,0,c1
143,0,c1
144,0,c1
145,2,c5
146,2,c5
147,2,c5
148,2,c5
149,0,c1
150,0,c1
151,0,c1
152,1,c234
153,1,c234
154,1,c234
155,2,c5
156,2,c5
157,2,c5
158,1,c234
159,0,c1
160,0,c1
161,0,c1
162,2,c5
163,2,c5
164,0,c1
165,1,c234
166,1,c234
167,1,c234
168,2,c5
169,0,c1
170,0,c1
171,2,c5
172,2,c5
173,1,c234
174,0,c1
175,0,c1
176,0,c1
177,1,c234
178,0,c1
179,1,c234
180,0,c1
181,2,c5
182,0,c1
183,2,c5
184,0,c1
185,2,c5
186,0,c1
187,1,c234
188,2,c5
189,1,c234
190,2,c5
191,2,c5
192,2,c5
193,0,c1
194,0,c1
195,1,c234
196,1,c234
197,1,c234
198,1,c234
199,1,c234
200,0,c1
201,2,c5
202,2,c5
203,1,c234
204,0,c1
205,1,c234
206,0,c1
207,0,c1
208,2,c5
209,2,c5
210,0,c1
211,0,c1
212,2,c5
213,1,c234
214,2,c5
215,2,c5
216,0,c1
217,0,c1
218,2,c5
219,1,c234
220,2,c5
221,0,c1
222,1,c234
223,0,c1
224,0,c1
225,1,c234
226,1,c234
227,1,c234
228,1,c234
229,0,c1
230,0,c1
231,1,c234
232,0,c1
233,0,c1
234,1,c234
235,0,c1
236,0,c1
237,2,c5
238,1,c234
239,1,c234
240,2,c5
241,1,c234
242,1,c234
243,2,c5
244,1,c234
245,1,c234
246,1,c234
247,2,c5
248,0,c1
249,0,c1
250,0,c1
251,1,c234
252,1,c234
253,0,c1
254,0,c1
255,2,c5
256,1,c234
257,2,c5
258,0,c1
259,0,c1
260,0,c1
261,1,c234
262,1,c234
263,0,c1
264,0,c1
265,1,c234
266,2,c5
267,2,c5
268,2,c5
269,0,c1
270,0,c1
271,1,c234
272,1,c234
273,2,c5
274,0,c1
275,0,c1
276,0,c1
277,2,c5
278,2,c5
279,1,c234
280,2,c5
281,0,c1
282,2,c5
283,0,c1
284,2,c5
285,1,c234
286,1,c234
287,1,c234
288,2,c5
289,0,c1
290,0,c1
291,2,c5
292,0,c1
293,2,c5
294,0,c1
295,2,c5
296,0,c1
297,1,c234
298,0,c1
299,0,c1
300,0,c1
301,0,c1
302,2,c5
303,2,c5
304,1,c234
305,2,c5
306,0,c1
307,1,c234
308,2,c5
309,0,c1
310,2,c5
311,2,c5
312,2,c5
313,2,c5
314,1,c234
315,2,c5
316,0,c1
317,2,c5
318,0,c1
319,1,c234
320,2,c5
321,1,c234
322,0,c1
323,0,c1
324,0,c1
325,2,c5
326,2,c5
327,2,c5
328,0,c1
329,0,c1
330,1,c234
331,0,c1
332,1,c234
333,2,c5
334,0,c1
335,1,c234
336,0,c1
337,1,c234
338,1,c234
339,2,c5
340,0,c1
341,0,c1
342,0,c1
343,1,c234
344,0,c1
345,2,c5
346,1,c234
347,2,c5
348,1,c234
349,2,c5
350,1,c234
351,0,c1
352,2,c5
353,1,c234
354,1,c234
355,1,c234
356,0,c1
357,0,c1
358,1,c234
359,0,c1
360,0,c1
361,2,c5
362,1,c234
363,0,c1
364,2,c5
365,0,c1
366,2,c5
367,2,c5
368,0,c1
369,0,c1
370,0,c1
371,2,c5
372,0,c1
373,0,c1
374,0,c1
375,2,c5
376,2,c5
377,2,c5
378,2,c5
379,0,c1
380,2,c5
381,0,c1
382,2,c5
383,1,c234
384,2,c5
385,2,c5
386,0,c1
387,1,c234
388,0,c1
389,2,c5
390,1,c234
391,1,c234
392,2,c5
393,0,c1
394,2,c5
395,0,c1
396,1,c234
397,0,c1
398,1,c234
399,2,c5
400,0,c1
401,1,c234
402,2,c5
403,1,c234
404,1,c234
405,2,c5
406,0,c1
407,2,c5
408,0,c1
409,2,c5
410,1,c234
411,0,c1
412,2,c5
413,2,c5
414,2,c5
415,0,c1
416,0,c1
417,0,c1
418,0,c1
419,2,c5
420,0,c1
421,2,c5
422,1,c234
423,2,c5
424,0,c1
425,0,c1
426,2,c5
427,0,c1
428,1,c234
429,0,c1
430,2,c5
431,0,c1
432,0,c1
433,1,c234
434,2,c5
435,1,c234
436,1,c234
437,1,c234
438,1,c234
439,0,c1
440,0,c1
441,0,c1
442,1,c234
443,0,c1
444,1,c234
445,0,c1
446,2,c5
447,0,c1
448,0,c1
449,0,c1
450,2,c5
451,1,c234
452,2,c5
453,2,c5
454,1,c234
455,1,c234
456,1,c234
457,0,c1
458,2,c5
459,0,c1
460,2,c5
461,2,c5
462,1,c234
463,1,c234
464,2,c5
465,1,c234
466,2,c5
467,0,c1
468,2,c5
469,1,c234
470,2,c5
471,1,c234
472,1,c234
473,1,c234
474,1,c234
475,1,c234
476,0,c1
477,0,c1
478,0,c1
479,1,c234
480,0,c1
481,2,c5
482,1,c234
483,0,c1
484,1,c234
485,0,c1
486,1,c234
487,0,c1
488,1,c234
489,0,c1
490,1,c234
491,0,c1
492,1,c234
493,1,c234
494,1,c234
495,2,c5
496,0,c1
497,2,c5
498,1,c234
499,0,c1
500,0,c1
501,2,c5
502,2,c5
503,0,c1
504,1,c234
505,0,c1
506,2,c5
507,1,c234
508,2,c5
509,1,c234
510,1,c234
511,0,c1
512,2,c5
513,0,c1
514,1,c234
515,1,c234
516,0,c1
517,2,c5
518,2,c5
519,0,c1
520,0,c1
521,2,c5
522,1,c234
523,1,c234
524,1,c234
525,1,c234
526,0,c1
527,1,c234
528,1,c234
529,0,c1
530,2,c5
531,0,c1
532,2,c5
533,2,c5
534,2,c5
535,1,c234
536,0,c1
537,1,c234
538,1,c234
539,0,c1
540,2,c5
541,0,c1
542,2,c5
543,2,c5
544,2,c5
545,0,c1
546,0,c1
547,1,c234
548,2,c5
549,2,c5
550,2,c5
551,2,c5
552,1,c234
553,1,c234
554,2,c5
555,1,c234
556,1,c234
557,2,c5
558,2,c5
559,2,c5
560,2,c5
561,0,c1
562,2,c5
563,2,c5
564,1,c234
565,1,c234
566,1,c234
567,1,c234
568,1,c234
569,2,c5
570,1,c234
571,2,c5
572,2,c5
573,0,c1
574,2,c5
575,2,c5
576,0,c1
577,1,c234
578,1,c234
579,1,c234
580,2,c5
581,2,c5
582,0,c1
583,0,c1
584,1,c234
585,2,c5
586,1,c234
587,1,c234
588,1,c234
589,2,c5
590,1,c234
591,0,c1
592,1,c234
593,1,c234
594,2,c5
595,1,c234
596,1,c234
597,0,c1
598,2,c5
599,2,c5
600,0,c1
601,2,c5
602,1,c234
603,0,c1
604,0,c1
605,0,c1
606,1,c234
607,0,c1
608,2,c5
609,0,c1
610,2,c5
611,2,c5
612,0,c1
613,1,c234
614,0,c1
615,0,c1
616,2,c5
617,0,c1
618,1,c234
619,0,c1
620,0,c1
621,2,c5
622,1,c234
623,0,c1
624,2,c5
625,1,c234
626,0,c1
627,1,c234
628,2,c5
629,0,c1
630,2,c5
631,2,c5
632,1,c234
633,1,c234
634,1,c234
635,0,c1
636,1,c234
637,2,c5
638,2,c5
639,0,c1
640,1,c234
641,2,c5
642,2,c5
643,1,c234
644,1,c234
645,1,c234
646,2,c5
647,2,c5
648,2,c5
649,1,c234
650,1,c234
651,2,c5
652,1,c234
653,2,c5
654,2,c5
655,2,c5
656,1,c234
657,1,c234
658,0,c1
659,1,c234
660,1,c234
661,2,c5
662,2,c5
663,1,c234
664,2,c5
665,0,c1
666,1,c234
667,0,c1
668,1,c234
669,0,c1
670,0,c1
671,1,c234
672,2,c5
673,2,c5
674,0,c1
675,1,c234
676,0,c1
677,2,c5
678,0,c1
679,0,c1
680,1,c234
681,1,c234
682,2,c5
683,2,c5
684,1,c234
685,0,c1
686,2,c5
687,0,c1
688,0,c1
689,1,c234
690,2,c5
691,2,c5
692,0,c1
693,2,c5
694,2,c5
695,1,c234
696,0,c1
697,2,c5
698,2,c5
699,1,c234
700,2,c5
701,0,c1
702,1,c234
703,0,c1
704,0,c1
705,2,c5
706,2,c5
707,2,c5
708,0,c1
709,2,c5
710,1,c234
711,2,c5
712,2,c5
713,1,c234
714,0,c1
715,2,c5
716,1,c234
717,2,c5
718,1,c234
719,2,c5
720,2,c5
721,1,c234
722,1,c234
723,1,c234
724,2,c5
725,1,c234
726,0,c1
727,0,c1
728,0,c1
729,2,c5
730,0,c1
731,0,c1
732,1,c234
733,2,c5
734,1,c234
735,1,c234
736,2,c5
737,1,c234
738,1,c234
739,1,c234
740,0,c1
741,2,c5
742,2,c5
743,2,c5
744,1,c234
745,2,c5
746,2,c5
747,2,c5
748,2,c5
749,0,c1
750,0,c1
751,0,c1
752,0,c1
753,0,c1
754,0,c1
755,0,c1
756,0,c1
757,2,c5
758,2,c5
759,0,c1
760,1,c234
761,1,c234
762,1,c234
763,2,c5
764,2,c5
765,0,c1
766,0,c1
767,1,c234
768,1,c234
769,2,c5
770,2,c5
771,0,c1
772,1,c234
773,0,c1
774,1,c234
775,0,c1
776,0,c1
777,0,c1
778,1,c234
779,2,c5
780,0,c1
781,0,c1
782,2,c5
783,1,c234
784,2,c5
785,1,c234
786,2,c5
787,2,c5
788,1,c234
789,2,c5
790,2,c5
791,1,c234
792,0,c1
793,0,c1
794,0,c1
795,1,c234
796,0,c1
797,0,c1
798,1,c234
799,2,c5
800,1,c234
801,2,c5
802,2,c5
803,2,c5
804,0,c1
805,2,c5
806,2,c5
807,2,c5
808,2,c5
809,0,c1
810,1,c234
811,2,c5
812,1,c234
813,2,c5
814,0,c1
815,0,c1
816,2,c5
817,0,c1
818,0,c1
819,2,c5
820,0,c1
821,2,c5
822,0,c1
823,1,c234
824,1,c234
825,1,c234
826,2,c5
827,2,c5
828,1,c234
829,1,c234
830,2,c5
831,1,c234
832,0,c1
833,0,c1
834,2,c5
835,0,c1
836,1,c234
837,0,c1
838,2,c5
839,0,c1
840,0,c1
841,2,c5
842,2,c5
843,2,c5
844,0,c1
845,0,c1
846,0,c1
847,0,c1
848,0,c1
849,1,c234
850,0,c1
851,1,c234
852,1,c234
853,1,c234
854,1,c234
855,0,c1
856,2,c5
857,2,c5
858,2,c5
859,1,c234
860,1,c234
861,0,c1
862,2,c5
863,0,c1
864,2,c5
865,2,c5
866,1,c234
867,2,c5
868,2,c5
869,2,c5
870,0,c1
871,2,c5
872,2,c5
873,1,c234
874,0,c1
875,2,c5
876,0,c1
877,1,c234
878,2,c5
879,0,c1
880,1,c234
881,1,c234
882,1,c234
883,1,c234
884,1,c234
885,2,c5
886,1,c234
887,1,c234
888,1,c234
889,0,c1
890,1,c234
891,0,c1
892,2,c5
893,2,c5
894,0,c1
895,0,c1
896,2,c5
897,2,c5
898,0,c1
899,1,c234
